Brand,Model Name,Screen Size,Hard Disk,CPU Model,RAM,os,Graphics,Graphics Coprocessor,CPU Speed,Rating,Price,Color,Special Feature,Memory Storage Capacity,CPU Manufacturer,Wireless network technology,Hard Disk Description,Resolution,Item Weight,Connectivity Technology,Processor Count,Specific Uses For Product,Included Components,Total USB Ports,Compatible Devices,Unit Count,Screen Surface Description,Graphics Processor Manufacturer,Form Factor,Human Interface Input,Platform,Secondary Cache
Lenovo,Flex 5,14 Inches,256 GB,AMD Ryzen 5 5500U,16 GB,Windows 11 Home,Integrated,AMD Radeon R5,2.1 GHz,4.24.2 out of 5 stars,559.,,,,,,,,,,,,,,,,,,,,,
acer,A315-24P-R7VH,15.6 Inches,128 GB,Ryzen 3,8 GB,Windows 11 S,Integrated,AMD Radeon Graphics,,4.54.5 out of 5 stars,329.,Silver,,,,,,,,,,,,,,,,,,,,
Lenovo,IdeaPad Gaming 3,15.6,256 GB,Ryzen 5,8 GB,Windows 11 Home,Dedicated,,,4.34.3 out of 5 stars,679.,Onyx Grey,Anti Glare Coating,,,,,,,,,,,,,,,,,,,
HP,AMD Ryzen 5,15.6 Inches,512 GB,Ryzen 5,16 GB,Windows 11 Pro,Integrated,,,4.14.1 out of 5 stars,515.,Blue,Anti-glare,,,,,,,,,,,,,,,,,,,
Lenovo,Flex 5,14 Inches,512 GB,AMD Ryzen 5 5500U,16 GB,Windows 11 Home,Integrated,AMD Radeon R5,,4.24.2 out of 5 stars,579.,,Backlit Keyboard,,,,,,,,,,,,,,,,,,,
acer,SF314-43-R6NE,14 Inches,512 GB,AMD Ryzen 7,16 GB,Windows 11 Home,Integrated,,,4.44.4 out of 5 stars,586.,Silver,"Backlit Kb,Bezels,Fingerprint Reader",,,,,,,,,,,,,,,,,,,
HP,hp,14 Inches,128 GB,8032,8 GB,Windows 10,Integrated,AMD Radeon Vega 3,,4.54.5 out of 5 stars,333.,Silver,,,,,,,,,,,,,,,,,,,,
HP,HP Pavilion,15.6 Inches,1 TB,AMD Ryzen 7,32 GB,Windows 11,AMD Radeon Graphics,AMD Radeon Graphics,,4.24.2 out of 5 stars,759.,Horizon Blue,,,,,,,,,,,,,,,,,,,,
HP,HP 14 Laptop,14 Inches,64 GB,AMD E Series,4 GB,Windows 10 Home,Integrated,,,4.34.3 out of 5 stars,221.,Jet Black,Micro-edge Bezel,,,,,,,,,,,,,,,,,,,
acer,Swift X,14 Inches,512 GB,AMD Ryzen 7,16 GB,Windows 10 Home,Dedicated,,,4.44.4 out of 5 stars,890.,Gold,"Fingerprint Reader, Backlit Keyboard, HD Audio, Multi-touch Gesture",,,,,,,,,,,,,,,,,,,
Lenovo,IdeaPad,15.6 Inches,1 TB,Athlon,20 GB,Windows 11,Integrated,AMD Radeon Graphics,3.2 GHz,4.84.8 out of 5 stars,10.,,,,,,,,,,,,,,,,,,,,,
acer,Nitro 17,17.3 Inches,1 TB,AMD Ryzen 7,16 GB,Windows 11 Home,Dedicated,,,4.04.0 out of 5 stars,"1,199.",Black,"Backlit Keyboard, Memory Card Slot",,,,,,,,,,,,,,,,,,,
acer,Nitro 17,17.3 Inches,1 TB,AMD Ryzen 7,16 GB,Windows 11 Home,Dedicated,,,4.14.1 out of 5 stars,"1,199.",Black,"Backlit Keyboard, Memory Card Slot",,,,,,,,,,,,,,,,,,,
Lenovo,2022,17.3,512 GB,Ryzen 5,8 GB,Windows 11,Integrated,,,4.44.4 out of 5 stars,488.,Arctic Grey,Anti Glare Coating,,,,,,,,,,,,,,,,,,,
acer,A515-46-R3CZ,15.6 Inches,256 GB,Ryzen 7,8 GB,Windows,Integrated,,,4.54.5 out of 5 stars,481.,Silver,"Backlit Kb,Fingerprint Reader",,,,,,,,,,,,,,,,,,,
acer,AN515-46-R0EQ,15.6 Inches,1 TB,Ryzen 7,32 GB,Windows 11 Home,Dedicated,,,4.24.2 out of 5 stars,"1,349.",Black,Backlit,,,,,,,,,,,,,,,,,,,
HP,Pavilion,15.6 Inches,512 GB,AMD R Series,16 GB,Windows 11,Integrated,,,4.04.0 out of 5 stars,510.,Spruce Blue,Anti-glare Screen,,,,,,,,,,,,,,,,,,,
HP,,15.6 Inches,,Ryzen 7 4700U,8 GB,Windows 10 Home,,,,4.44.4 out of 5 stars,499.,Natural silver,Anti glare,8 GB,AMD,Wi-Fi,,,,,,,,,,,,,,,,
HP,HP 14s-fq0022na Laptop,14 Inches,64 GB,AMD E Series,4 GB,Windows 10 Home,Integrated,,,4.44.4 out of 5 stars,154.,Indigo Blue,Micro-edge Bezel,,,,,,,,,,,,,,,,,,,
acer,Nitro 17,17.3 Inches,1 TB,AMD Ryzen 7,16 GB,Windows 11 Home,Dedicated,,,4.24.2 out of 5 stars,"1,338.",Black,"Backlit Keyboard, Memory Card Slot",,,,,,,,,,,,,,,,,,,
HP,"HP 14"" Laptop",14,192 GB,AMD A Series,4 GB,Windows 11,Integrated,,2.60,3.03.0 out of 5 stars,208.,,,,,,SSD,,,,,,,,,,,,,,,
HP,HP Chromebook,14 Inches,32 GB,1.2GHz Cortex A8 Processor,4 GB,Chrome OS,Integrated,,,4.24.2 out of 5 stars,114.,Grey,Anti-glare,,,,,,,,,,,,,,,,,,,
acer,Aspire 5,15.6 Inches,1 TB,Ryzen 7,16 GB,Windows 11,Integrated,,,4.14.1 out of 5 stars,629.,Silver,"Backlit Keyboard,Fingerprint Reader",,,,,,,,,,,,,,,,,,,
HP,,14 Inches,128 GB,Athlon,4 GB,Windows 10,Integrated,AMD Athlon,3.2 GHz,4.44.4 out of 5 stars,223.,Black,,,,,,,,,,,,,,,,,,,,
HP,14-fq1025nr,14 Inches,256 GB,AMD Ryzen 5 5500U,8 GB,Windows 11 Home,Integrated,,,4.44.4 out of 5 stars,449.,Natural Silver,Anti Glare Coating,,,,,,,,,,,,,,,,,,,
Lenovo,Flex 5,14 Inches,512 GB,AMD Ryzen 5 5500U,16 GB,Windows 11 Home,Integrated,AMD Radeon R5,,4.24.2 out of 5 stars,579.,,Backlit Keyboard,,,,,,,,,,,,,,,,,,,
Lenovo,Ideapad 3,14 Inches,256 GB,AMD Ryzen 5 5500U,8 GB,Windows 11,Integrated,,,4.64.6 out of 5 stars,495.,Abyss Blue,"Anti-glare,Bezels",,,,,,,,,,,,,,,,,,,
Lenovo,Lenovo ideapad Flex 5,14 Inches,256 GB,Ryzen 5 5500U,16 GB,Windows 11,Integrated,,,4.44.4 out of 5 stars,621.,Graphite Grey,Fingerprint reader,,,,,,,,,,,,,,,,,,,
acer,SFX14-42G-R607,14 Inches,512 GB,Ryzen 7,16 GB,Windows 11 Home,Dedicated,,,4.24.2 out of 5 stars,26.,Gray,Backlit Kb,,,,,,,,,,,,,,,,,,,
Lenovo,Lenovo 14W,14 Inches,64 GB,AMD A6,4 GB,Windows 10 Pro,Integrated,AMD Radeon Graphics,2.7 GHz,4.04.0 out of 5 stars,209.,,,,,,,,,,,,,,,,,,,,,
HP,15-ef1020nr,15.6 Inches,256 GB,Ryzen 3 3250U,8 GB,Windows 11 S,Integrated,AMD Radeon Graphics,,4.54.5 out of 5 stars,415.,Natural silver,,,,,,,,,,,,,,,,,,,,
HP,15-EF200,15.6 Inches,512 GB,Ryzen 7,16 GB,Windows 10 Pro,Integrated,,,,"1,199.",Natural Silver,"HD Audio, Memory Card Slot, Numeric Keypad",,,,,,,,,,,,,,,,,,,
Lenovo,21D4001UUS,16 Inches,256 GB,1.2GHz Cortex A8 Processor,16 GB,Windows 11,Dedicated,AMD Radeon RX 6500M,3.3 GHz,,742.,,,,,,,,,,,,,,,,,,,,,
HP,hp 15-rzyen55500u,15.6 Inches,512 GB,Ryzen 5 5500U,8 GB,Windows 11 Home,Integrated,,,4.04.0 out of 5 stars,489.,Horizon Blue,Numeric Keypad,,,,,,,,,,,,,,,,,,,
Lenovo,IdeaPad 3,14 Inches,256 GB,Ryzen 5 3500U,8 GB,Windows 10,Integrated,,,4.54.5 out of 5 stars,299.,Abyss Blue,"Anti-glare,Bezels",,,,,,,,,,,,,,,,,,,
HP,15-eh1052wm,15.6 Inches,512 GB,Ryzen 5,8 GB,Windows 10 Home,Integrated,AMD Radeon Graphics,4 GHz,4.44.4 out of 5 stars,569.,,,,,,,,,,,,,,,,,,,,,
Lenovo,ThinkPad E15 Gen 4,15.6 Inches,1 TB,Ryzen 7,16 GB,Windows 11 Pro,Integrated,,,,"1,199.",Mineral Metallic,"High Definition Audio, TrackPoint, Backlit Keyboard, Anti Glare Coating, Numeric Keypad",,,,,,,,,,,,,,,,,,,
Lenovo,81W1009EUS,15.6 Inches,256 GB,Ryzen 5 2500U,8 GB,Windows 10,Dedicated,AMD Radeon RX Vega 8,,5.05.0 out of 5 stars,449.,Almond,,,,,,,,,,,,,,,,,,,,
Lenovo,,14 Inches,64 GB,AMD E Series,4 GB,Windows 10 Pro,Integrated,AMD Radeon Graphics,1.2 GHz,3.83.8 out of 5 stars,189.,Black,,,,,,,,,,,,,,,,,,,,
acer,,15.6 Inches,256 GB,,12 GB,Windows 11 Home,Dedicated,,,4.84.8 out of 5 stars,519.,,,,,,,1080p,3.99 Pounds,"Bluetooth, Wi-Fi, USB, Ethernet",4,,,,,,,,,,,
acer,Nitro 17,17.3 Inches,1 TB,AMD Ryzen 7,16 GB,Windows 11 Home,Dedicated,,,4.34.3 out of 5 stars,"1,449.",Black,"Backlit Keyboard, Memory Card Slot",,,,,,,,,,,,,,,,,,,
Lenovo,Lenovo Legion,15.6 Inches,2 TB,AMD Ryzen 7 5800H,32 GB,Windows 10 Home,Dedicated,NVIDIA GeForce,,1.71.7 out of 5 stars,469.,,Backlit,,,,,,,,,,,,,,,,,,,
Lenovo,2021,15.6 Inches,512 GB,AMD Ryzen 5 5500U,8 GB,Windows 11,Integrated,,,4.64.6 out of 5 stars,672.,Abyss Blue,"Dolby,Narrow Bezels",,,,,,,,,,,,,,,,,,,
acer,Aspire 5,15.6 Inches,256 GB,Ryzen 3 3200U,16 GB,Windows 11 Pro,Integrated,,,,358.,Pure Silver,Backlit Keyboard,,,,,,,,,,,,,,,,,,,
acer,SFX14-41G-R0SG,14 Inches,512 GB,Ryzen 5,8 GB,Windows 10 Home,Dedicated,,,4.84.8 out of 5 stars,849.,Gold,Multi-touch Gesture,,,,,,,,,,,,,,,,,,,
Lenovo,IdeaPad 1,14 Inches,64 GB,AMD A6,4 GB,Windows 10 S,Dedicated,AMD Radeon R4,,3.83.8 out of 5 stars,589.,Black,,,,,,,,,,,,,,,,,,,,
acer,AN16-41-R5KC,16 Inches,1 TB,Ryzen 9,16 GB,Windows 11 Home,Dedicated,,,,"1,949.",Black,"Backlit Keyboard, Memory Card Slot",,,,,,,,,,,,,,,,,,,
HP,HP-15-EF1023DX,15.6 Inches,1 TB,Ryzen 3 3250U,8 GB,Windows 10 Home,Integrated,AMD Radeon Graphics,,4.14.1 out of 5 stars,415.,Silver,,,,,,,,,,,,,,,,,,,,
Lenovo,Lenovo IdeaPad Gaming 3,15.6,256 GB,Ryzen 5,8 GB,Windows 11,Dedicated,,,4.54.5 out of 5 stars,672.,Shadow Black,Anti Glare Coating,,,,,,,,,,,,,,,,,,,
Lenovo,82SG,15.6 Inches,1 TB,Ryzen 5,16 GB,Windows 11 Pro,Integrated,AMD Radeon Graphics,,4.24.2 out of 5 stars,589.,Gray,,,,,,,,,,,,,,,,,,,,
HP,Notebook,14 Inches,128 GB,Ryzen 3 3250U,8 GB,Windows 11 Home,Integrated,AMD Radeon Graphics,,4.04.0 out of 5 stars,339.,Silver,,,,,,,,,,,,,,,,,,,,
Lenovo,IdeaPad 3 82KT,14 Inches,1 TB,Ryzen 5,16 GB,Windows 10 Home,Integrated,,,,"1,199.",Abyss Blue,"Fingerprint Reader, HD Audio, Backlit Keyboard, Anti Glare Coating, Memory Card Slot",,,,,,,,,,,,,,,,,,,
HP,HP Laptop 15-ef2025nr,15.6 Inches,256 GB,AMD Ryzen 7 5700U,8 GB,Windows 11 Home,Integrated,,,4.44.4 out of 5 stars,233.,Natural silver,"HD Micro Edge Display,Portable,Lightweight",,,,,,,,,,,,,,,,,,,
HP,1A1L3UA,15.6 Inches,1 TB,Ryzen 3 3250U,4 GB,Windows 10 Home,Integrated,AMD Radeon Graphics,2.6 GHz,3.83.8 out of 5 stars,335.,,,,,,,,,,,,,,,,,,,,,
HP,15-EF100,15.6 Inches,2 TB,Ryzen 3 3250U,,Windows 11 Pro,Integrated,AMD Radeon Graphics,2.6 GHz,,"1,199.",Silver,,,,,,,,,,,,,,,,,,,,
Lenovo,82KU00A9US,15.6 Inches,256 GB,Ryzen 5 5500U,8 GB,Windows 11 Home,Integrated,AMD Radeon 7 Integrated Graphics,,4.14.1 out of 5 stars,497.,Gold,,,,,,,,,,,,,,,,,,,,
Lenovo,Ideapad Gaming 3 15 Laptop,15.6,,Ryzen 5,8 GB,Windows 10 Home,Dedicated,NVIDIA GeForce GTX 1650,,4.54.5 out of 5 stars,672.,Shadow Black,Anti Glare Coating,,,,,,,,,,,,,,,,,,,
Lenovo,IdeaPad Flex 5 82R9,14 Inches,1 TB,Ryzen 5,16 GB,Windows 11 Pro,Integrated,,,,"1,199.",storm grey,"Fingerprint Reader, HD Audio, High Definition Audio, Backlit Keyboard, Memory Card Slot",,,,,,,,,,,,,,,,,,,
HP,,15.6 Inches,1000 GB,Ryzen 5,32 GB,Windows 11,Integrated,AMD,2.1 GHz,5.05.0 out of 5 stars,749.,Blue,,,,,,,,,,,,,,,,,,,,
Lenovo,IdeaPad 5 Pro 82L5,16 Inches,512 GB,Ryzen 5,8 GB,Windows 10 Home,Integrated,,,,"1,199.",Storm Grey,"HD Audio, Backlit Keyboard, Anti Glare Coating, Numeric Keypad",,,,,,,,,,,,,,,,,,,
HP,HP 14 Laptop,14 Inches,64 GB,AMD E Series,4 GB,Windows 10 Home,Integrated,,,4.44.4 out of 5 stars,295.,Jet Black,Micro-edge Bezel,,,,,,,,,,,,,,,,,,,
Lenovo,82R1006VUS,15.6 Inches,1152 GB,Athlon Silver 3050U,20 GB,Windows 11,Integrated,AMD,,4.74.7 out of 5 stars,397.,Gray,,,,,,,,,,,,,,,,,,,,
HP,HP Pavilion,15.6 Inches,512 GB,Ryzen 7 4800H,12 GB,Windows 10 Home,Dedicated,NVIDIA GeForce GTX 1660Ti,2.9 GHz,5.05.0 out of 5 stars,969.,,,,,,,,,,,,,,,,,,,,,
Lenovo,ThinkPad E14 Gen 4,14 Inches,512 GB,Ryzen 7,16 GB,Windows 11,Radeon Graphics,AMD Radeon Graphics,,,657.,,Anti-glare Screen,,,,,,,,,,,,,,,,,,,
Lenovo,IdeaPad Gaming 3,15.6 Inches,512 GB,AMD Ryzen 7,16 GB,Windows 11,Dedicated,,,4.14.1 out of 5 stars,699.,Black,Backlit Keyboard,,,,,,,,,,,,,,,,,,,
acer,,15.6 Inches,2 TB,Ryzen 7,64 GB,Windows 11 Pro,Dedicated,NVIDIA GeForce RTX 3070 Ti,3.2 GHz,,"1,439.",Black,,,,,,,,,,,,,,,,,,,,
Lenovo,IdeaPad 3,15.6 Inches,512 GB,Ryzen 5,16 GB,Windows 11 Home,Integrated,,,5.05.0 out of 5 stars,599.,Arctic Grey,"Fingerprint Reader, HD Audio, Backlit Keyboard, Anti Glare Coating",,,,,,,,,,,,,,,,,,,
HP,HP Envy,15.6 Inches,256 GB,AMD R Series,8 GB,Windows 10,Integrated,,,4.44.4 out of 5 stars,684.,Black,"Anti-glare,Backlit Keyboard",,,,,,,,,,,,,,,,,,,
Acer,Swift 3,14 Inches,256 GB,AMD Ryzen 7,8 GB,Windows 11 Pro,Integrated,,,,589.,Pure Silver,"Fingerprint Reader, High Definition Audio, Backlit Keyboard",,,,,,,,,,,,,,,,,,,
acer,Aspire 5,15.6 Inches,256 GB,AMD Ryzen 5 5500U,8 GB,Windows 11,Integrated,,,4.44.4 out of 5 stars,268.,Silver,Backlit Keyboard,,,,,,,,,,,,,,,,,,,
Lenovo,Lenovo Ideapad,15.6 Inches,256 GB,Core i3,4 GB,‎Windows 11 Home in S Mode,Integrated,,2.4 GHz,3.73.7 out of 5 stars,360.,,,,,,SSD,,,,,,,,,,,,,,,
HP,14-FQ000,14 Inches,256 GB,Ryzen 3 3250U,8 GB,Windows 11 Home,Integrated,,,4.74.7 out of 5 stars,589.,Silver,Anti-glare Screen,,,,,,,,,,,,,,,,,,,
Lenovo,Lenovo Ideapad,14 Inches,32 GB,AMD A Series,4 GB,Windows 10,"Integrated, Dedicated",AMD Radeon R4,,3.83.8 out of 5 stars,589.,grey,,,,,,,,,,,,,,,,,,,,
Acer,Acer Swift Edge,16 Inches,1 TB,AMD Ryzen 7,16 GB,Windows 11 Home,Integrated,,,5.05.0 out of 5 stars,"1,139.",16GB RAM | 1TB SSD,"Backlit Kb,Fingerprint Reader",,,,,,,,,,,,,,,,,,,
HP,‎15-ef107,15.6 Inches,128 GB,Athlon Silver 3050U,4 GB,Windows 10 S,Integrated,amd,2.3 GHz,4.44.4 out of 5 stars,350.,,,,,,,,,,,,,,,,,,,,,
HP,14-EC1097NR,14 Inches,1 TB,Ryzen 7,32 GB,Windows 11 Pro,Integrated,,,5.05.0 out of 5 stars,899.,Silver,"Fingerprint Reader, High Definition Audio, Backlit Keyboard",,,,,,,,,,,,,,,,,,,
acer,Aspire 5,15.6 Inches,512 GB,Ryzen 3 3200U,16 GB,Windows 11 Pro,Integrated,,,,589.,Pure Silver,"HD Audio, Backlit Keyboard, Numeric Keypad",,,,,,,,,,,,,,,,,,,
HP,HP Pavilion 17,17 Inches,,Ryzen 5,16 GB,Windows,Integrated,,4 GHz,3.73.7 out of 5 stars,369.,,"Anti-glare,Fingerprint",,,,SSD,,,,,,,,,,,,,,,
HP,HP Pavilion,15.6 Inches,512 GB,AMD Ryzen 7 5700U,16 GB,Windows 10 Home,Integrated,Integrated AMD Radeon™ Graphics,,4.14.1 out of 5 stars,666.,,Backlit Keyboard,,,,,,,,,,,,,,,,,,,
acer,Nitro 5,15.6 Inches,1 TB,AMD Ryzen 7,16 GB,Windows 11 Home,Dedicated,NVIDIA GeForce RTX 3070 Ti,,,992.,Black,,,,,,,,,,,,,,,,,,,,
Lenovo_USA,IdeaPad 5,15.6 Inches,256 GB,Ryzen 5,8 GB,Windows 10 Home,Integrated,,,4.04.0 out of 5 stars,499.,Gray,Backlit Keyboard,,,,,,,,,,,,,,,,,,,
HP,ENVY,15.6 Inches,,Ryzen 5 3500U,8 GB,Windows 10,,,,4.14.1 out of 5 stars,568.,Black,,256 GB,,,,,,,,Gaming,1,,,,,,,,,
Lenovo,Slim 7 ProX,14.5 Inches,1 TB,Ryzen 9,32 GB,Windows 11 Home,Dedicated,,,4.44.4 out of 5 stars,849.,Gray,Backlit Keyboard,,,,,,,,,,,,,,,,,,,
HP,17-CP300,17.3 Inches,1 TB,AMD Ryzen 7,32 GB,Windows 11 Pro,Integrated,,,,"1,199.",Natural Silver,"HD Audio, Backlit Keyboard, Numeric Keypad",,,,,,,,,,,,,,,,,,,
Lenovo,Legion 5 Pro,16 Inches,2 TB,Ryzen 7,32 GB,Windows 11 Home,Dedicated,,,,699.,Storm Grey,"HD Audio, Backlit Keyboard, Anti Glare Coating, Numeric Keypad",,,,,,,,,,,,,,,,,,,
HP,HP,15.6 Inches,256 GB,Ryzen 5,8 GB,Windows 11 Home,Integrated,AMD Radeon Graphics,,4.54.5 out of 5 stars,588.,Rose Gold,,,,,,,,,,,,,,,,,,,,
Lenovo,Lenovo Thinkpad,13 Inches,,Athlon,4 GB,Chrome OS,shared,AMD Radeon Graphics,2 GHz,3.93.9 out of 5 stars,305.,Blue,,,,,,,,,,,,,,,,,,,,
HP,15-EF1300WM,15.6 Inches,128 GB,Ryzen 3 3250U,8 GB,Windows 10,Integrated,AMD Radeon Graphics,,3.83.8 out of 5 stars,299.,Natural Silver,,,,,,,,,,,,,,,,,,,,
Lenovo,Flex 5,14 Inches,256 GB,Ryzen 5 4500U,16 GB,Windows 10,Integrated,,,4.44.4 out of 5 stars,600.,Graphite Grey,Fingerprint reader,,,,,,,,,,,,,,,,,,,
Lenovo,ThinkPad Z16 Gen 1,16 Inches,512 GB,Ryzen 7,16 GB,Windows 11 Pro,Radeon 680M Graphics,,,1.01.0 out of 5 stars,"1,426.",Black,Information Not Available,,,,,,,,,,,,,,,,,,,
HP,15-eh2085cl,15.6 Inches,512 GB,Ryzen 7,16 GB,Windows 11,Integrated AMD Radeon™ Graphics,AMD Radeon Graphics,2 GHz,4.44.4 out of 5 stars,685.,,,,,,,,,,,,,,,,,,,,,
HP,15-EF200,15.6 Inches,1 TB,Ryzen 7,32 GB,Windows 11 Home,Integrated,,,,789.,Natural Silver,"HD Audio, Memory Card Slot, Numeric Keypad",,,,,,,,,,,,,,,,,,,
acer,A515-43-R19L,15.6 Inches,256 GB,Ryzen 3 3200U,16 GB,Windows 11 Pro,Integrated,,,,589.,Silver,Backlit Keyboard,,,,,,,,,,,,,,,,,,,
Lenovo,IdeaPad Flex 5,14 Inches,128 GB,Ryzen 3 5300U,4 GB,Windows 11 Home,Dedicated,AMD Radeon Graphics,,4.14.1 out of 5 stars,345.,,"Narrow Bezel,Pen",,,,,,,,,,,,,,,,,,,
HP,15-EE1093CL,15.6 Inches,1 TB,Ryzen 7 5700U,32 GB,Windows 11 Pro,Integrated,AMD Radeon Graphics,,4.24.2 out of 5 stars,"1,199.",Black,,,,,,,,,,,,,,,,,,,,
Lenovo,81W0003QUS,14 Inches,256 GB,Ryzen 5 2500U,16 GB,Windows 10 Pro,Dedicated,AMD Radeon RX Vega 8,,,"1,199.",Abyss Blue,,,,,,,,,,,,,,,,,,,,
HP,15-EY000,15.6 Inches,512 GB,Ryzen 7,16 GB,Windows 11 Pro,Integrated,,,4.34.3 out of 5 stars,"1,199.",Nightfall Black,Backlit Keyboard,,,,,,,,,,,,,,,,,,,
Lenovo,ThinkBook 14 G4 ABA,14 Inches,256 GB,Ryzen 5,16 GB,Windows 11 Pro,Radeon Graphics,AMD Radeon Graphics,,,849.,,Anti-glare Screen,,,,,,,,,,,,,,,,,,,
HP,AMD Ryzen 5,15.6 Inches,256 GB,Ryzen 5,8 GB,Windows 11 Home,Integrated,,,4.14.1 out of 5 stars,457.,Blue,Anti-glare,,,,,,,,,,,,,,,,,,,
HP,HP Laptop 14-fq0070nr,14 Inches,,AMD E Series,4 GB,Windows 10 S,Integrated,,2.6 GHz,4.44.4 out of 5 stars,288.,Snowflake white,Micro-edge Bezel,,,,,,,,,,,,,,,,,,,
acer,Swift 3,14 Inches,512 GB,Ryzen 7 4700U,8 GB,Windows 10 Home,Integrated,,,4.44.4 out of 5 stars,390.,Silver,Fingerprint reader,,,,,,,,,,,,,,,,,,,
Lenovo,"IdeaPad 1 14ADA05 82GW009WUS 14"" Notebook",14 Inches,128 GB,Athlon,4 GB,Windows 11 Home,Dedicated,AMD Athlon Silver,1.4 GHz,,248.,,,,,,,,,,,,,,,,,,,,,
Lenovo,Lenovo 1,15.6 Inches,128 GB,AMD A Series,4 GB,Windows 11 S,Integrated,,,5.05.0 out of 5 stars,279.,Gray,Anti Glare Coating,,,,,,,,,,,,,,,,,,,
HP,FQ0039,14 Inches,1 TB,Ryzen 3,32 GB,Windows 11 Pro,Integrated,AMD Radeon Graphics,,4.54.5 out of 5 stars,407.,Silver,,,,,,,,,,,,,,,,,,,,
Lenovo,Lenovo Ideapad,15.6 Inches,512 GB,Ryzen 5 5600H,8 GB,Windows 11,Dedicated,,,4.54.5 out of 5 stars,748.,Shadow Black,,,,,,,,,,,,,,,,,,,,
HP,16T-N000,16.1 Inches,1 TB,Ryzen 7,32 GB,Windows 11 Pro,Dedicated,,,4.84.8 out of 5 stars,899.,Shadow Black,"High Definition Audio, Backlit Keyboard, Anti Glare Coating, Memory Card Slot",,,,,,,,,,,,,,,,,,,
Lenovo,ThinkPad E15 Gen 4,15.6 Inches,512 GB,Ryzen 7,16 GB,Windows 10 Pro,Integrated,,,,"1,199.",Mineral Metallic,"High Definition Audio, TrackPoint, Backlit Keyboard, Anti Glare Coating, Numeric Keypad",,,,,,,,,,,,,,,,,,,
HP,ENVY x360,15.6 Inches,1 TB,Ryzen 7,16 GB,Windows 11 Pro,Integrated,,,,579.,Black,"Fingerprint Reader, HD Audio, Backlit Keyboard, Memory Card Slot, Numeric Keypad",,,,,,,,,,,,,,,,,,,
HP,Laptop 15-ef0021nr,15.6 Inches,256 GB,Ryzen 3 3200U,8 GB,Windows 10 Home,Integrated,AMD Radeon Vega 3,,4.54.5 out of 5 stars,435.,Natural Silver,,,,,,,,,,,,,,,,,,,,
HP,16-N000,16.1 Inches,1 TB,Ryzen 7,32 GB,Windows 10 Home,Dedicated,NVIDIA GeForce RTX 3060,,,679.,Shadow Black,,,,,,,,,,,,,,,,,,,,
HP,EliteBook 645 G9,14 Inches,512 GB,Ryzen 7,16 GB,Windows 10 Pro,Radeon Graphics,AMD Radeon Graphics,,,10.,,Anti-glare Screen,,,,,,,,,,,,,,,,,,,
HP,15M-EU0043DX,15.6 Inches,1 TB,AMD Ryzen 7,32 GB,Windows 11 Pro,Integrated,,,5.05.0 out of 5 stars,"1,199.",Black,Fingerprint,,,,,,,,,,,,,,,,,,,
Lenovo,IdeaPad 5 Pro,15.6 Inches,1 TB,Ryzen 5,8 GB,Windows 11 Pro,Integrated,,,5.05.0 out of 5 stars,589.,Gray,Backlit Kb,,,,,,,,,,,,,,,,,,,
Lenovo,Lenovo legion 5 pro,16 Inches,1 TB,Ryzen 7 5800H,32 GB,Windows 11 Home,Dedicated,NVIDIA GeForce RTX 3070,,4.54.5 out of 5 stars,999.,16GB RAM | 1TB NVMe,,,,,,,,,,,,,,,,,,,,
HP,15-CW1063WM,15.6 Inches,128 GB,Ryzen 5 3500U,8 GB,Windows 10 Home,Integrated,AMD Radeon Vega 8,,5.05.0 out of 5 stars,589.,Horizon Blue,,,,,,,,,,,,,,,,,,,,
HP,HP Chromebook 14-db0008ca,14 Inches,32 GB,AMD A4,4 GB,Chrome OS,Integrated,AMD Dual-Core A4-9120C APU Radeon R4 Graphics,,2.52.5 out of 5 stars,216.,Chalkboard Gray,,,,,,,,,,,,,,,,,,,,
HP,17-CP0010NR,17.3 Inches,512 GB,Athlon Silver 3050U,16 GB,Windows 10 Home,Integrated,AMD Radeon Graphics,,5.05.0 out of 5 stars,535.,Silver,,,,,,,,,,,,,,,,,,,,
HP,15-EH200,15.6 Inches,512 GB,AMD Ryzen 7,16 GB,Windows 11 Pro,Integrated,,,4.04.0 out of 5 stars,649.,Natural Silver,"HD Audio, Backlit Keyboard, Anti Glare Coating, Numeric Keypad",,,,,,,,,,,,,,,,,,,
HP,Omen 16-N000,16.1 Inches,512 GB,AMD Ryzen 7,16 GB,Windows 10 Home,Dedicated,,,,"1,199.",Mica Silver,"High Definition Audio, Backlit Keyboard, Anti Glare Coating, Memory Card Slot",,,,,,,,,,,,,,,,,,,
Lenovo,ThinkPad E15 Gen 4,15.6 Inches,256 GB,Ryzen 5,8 GB,Windows 11,Radeon Graphics,AMD Radeon Graphics,,,705.,,Anti-glare Screen,,,,,,,,,,,,,,,,,,,
acer,A515-44-R93G,15.6 Inches,128 GB,Ryzen 3 4300U,4 GB,Windows 10 S,Integrated,,,4.44.4 out of 5 stars,386.,Silver,"Backlit Keyboard,Fingerprint Reader",,,,,,,,,,,,,,,,,,,
Lenovo,Lenovo Ideapad,15.6 Inches,256 GB,AMD R Series,8 GB,Windows 10,Integrated,AMD Radeon Vega 3,,4.54.5 out of 5 stars,407.,Platinum Gray/IMR,,,,,,,,,,,,,,,,,,,,
HP,HP Laptop,17.3 Inches,1 TB,AMD Ryzen 7,32 GB,Windows 11 Pro,Integrated,,,,"1,199.",Natural Silver,"HD Audio, Backlit Keyboard, Numeric Keypad",,,,,,,,,,,,,,,,,,,
acer,,15.6 Inches,256 GB,Ryzen 5,16 GB,Windows 10,Dedicated,AMD,3 GHz,4.44.4 out of 5 stars,749.,,Backlit Keyboard|nvidia,,,,,,,,,,,,,,,,,,,
HP,HP Pavilion Gaming 15 Laptop,15.6 Inches,512 GB,Ryzen 5 4600H,8 GB,Windows 10 Home,Dedicated,,,4.64.6 out of 5 stars,898.,Shadow Black,Backlit Keyboard,,,,,,,,,,,,,,,,,,,
Lenovo,IdeaPad 3,15.6 Inches,1 TB,Ryzen 5,20 GB,Windows 11 Pro,Integrated,,,,"1,199.",Abyss Blue,"Fingerprint Reader, High Definition Audio, Backlit Keyboard, Memory Card Slot, Numeric Keypad",,,,,,,,,,,,,,,,,,,
Acer,Aspire 5,15.6 Inches,1 TB,Ryzen 3 3200U,16 GB,Windows 10 Pro,Integrated,,,,899.,Pure Silver,Backlit Keyboard,,,,,,,,,,,,,,,,,,,
Acer,Acer Swift Edge,16 Inches,1 TB,AMD R Series,16 GB,Windows 11 Pro,Integrated,,,3.03.0 out of 5 stars,899.,16GB RAM | 1TB SSD,"Backlit Kb,Fingerprint Reader",,,,,,,,,,,,,,,,,,,
acer,AN16-41-R1WE,16 Inches,512 GB,AMD Ryzen 7,16 GB,Windows 11 Home,Dedicated,,,,"1,299.",Black,"Backlit Keyboard, Memory Card Slot",,,,,,,,,,,,,,,,,,,
Lenovo,ThinkPad T14s Gen 3,14 Inches,512 GB,Ryzen 7,16 GB,Windows 11 Pro,Radeon Graphics,,,,"1,216.",Black,Anti-glare Screen,,,,,,,,,,,,,,,,,,,
Lenovo,Laptop,15.6,256 GB,Core i5,12 GB,Windows,Integrated,Intel Iris Xe Graphics,,4.54.5 out of 5 stars,409.,Arctic Grey,,,,,,,,,,,,,,,,,,,,
HP,14-FQ0039MS,14 Inches,256 GB,Ryzen 3 3250U,8 GB,Windows 11 Home,Integrated,AMD Radeon Graphics,,2.72.7 out of 5 stars,402.,Silver,,,,,,,,,,,,,,,,,,,,
HP,HP-14-FQ000,14 Inches,1 TB,Ryzen 3 3250U,16 GB,Windows 11 Home,Integrated,AMD Radeon Vega 3,,4.14.1 out of 5 stars,589.,Silver,,,,,,,,,,,,,,,,,,,,
Lenovo,,14 Inches,512 GB,Ryzen 7,16 GB,Windows 10 Pro,Integrated,AMD Radeon graphics,1.8 GHz,3.03.0 out of 5 stars,402.,Black,,,,,,,,,,,,,,,,,,,,
HP,15-EF200,15.6 Inches,1 TB,Ryzen 7,32 GB,Windows 11 Pro,Integrated,AMD Radeon RX Vega 8,,4.04.0 out of 5 stars,589.,Natural Silver,,,,,,,,,,,,,,,,,,,,
HP,,15.6 Inches,1000 GB,Athlon Silver 3050U,16 GB,Windows 11 Home,Integrated,AMD,2.3 GHz,4.24.2 out of 5 stars,449.,Gold,,,,,,,,,,,,,,,,,,,,
HP,15-EF2127WM,15.6 Inches,1 TB,Ryzen 5,16 GB,Windows 10 Home,Integrated,,,3.63.6 out of 5 stars,407.,Silver,Anti-glare,,,,,,,,,,,,,,,,,,,
Lenovo,20UXS06900,13.3 Inches,32 GB,Athlon,4 GB,Chrome OS,Integrated,AMD Radeon Graphics,,5.05.0 out of 5 stars,215.,,"Anti-glare,Narrow Bezel,Pen",,,,,,,,,,,,,,,,,,,
HP,17-CP00,17.3 Inches,256 GB,Ryzen 5,16 GB,Windows 10 Pro,Integrated,AMD Radeon Graphics,,4.44.4 out of 5 stars,256.,Natural Silver,,,,,,,,,,,,,,,,,,,,
HP,14-fq0060nr,14 Inches,,AMD E Series,4 GB,Windows 10 Home,Integrated,AMD Radeon Graphics,,4.34.3 out of 5 stars,369.,Pale Rose Gold,Micro-edge Bezel,,,,,,,,,,,,,,,,,,,
Lenovo,"Lenovo Legion 5 15""",15.6,,Ryzen 5,8 GB,Windows 11 Home,Dedicated,NVIDIA GeForce RTX 3060,3.3,4.64.6 out of 5 stars,"1,070.",Phantom Blue,,,,,,,,,,,,,,,,,,,,
Acer,Aspire 5,15.6 Inches,2 TB,Ryzen 7,40 GB,Windows 11 Pro,Integrated,,,,"1,199.",Pure Silver,"Fingerprint Reader, HD Audio, Backlit Keyboard, Numeric Keypad",,,,,,,,,,,,,,,,,,,
Lenovo,82RN,17.3 Inches,256 GB,Ryzen 5,8 GB,Windows 10 Pro,Integrated,,,5.05.0 out of 5 stars,999.,Gray,"Backlit Kb,Fingerprint",,,,,,,,,,,,,,,,,,,
HP,EliteBook 655 G9,15.6 Inches,1 TB,Ryzen 7,32 GB,Windows 10 Pro,Radeon Graphics,AMD Radeon Graphics,,,"1,530.",,Anti-glare Screen,,,,,,,,,,,,,,,,,,,
Lenovo,Lenovo IdeaPad 3,15.6 Inches,512 GB,AMD Ryzen 7,12 GB,Windows 11 Home,Integrated,,,4.34.3 out of 5 stars,488.,Abyss Blue,Backlit Keyboard,,,,,,,,,,,,,,,,,,,
Lenovo,Ideapad 3,15.6 Inches,512 GB,Ryzen 5,12 GB,Windows 11 Pro,Integrated,,,,296.,Abyss Blue,"Backlit Keyboard,Fingerprint",,,,,,,,,,,,,,,,,,,
Lenovo,Flex 5,14 Inches,512 GB,AMD Ryzen 5 5500U,16 GB,Windows 11 Home,Integrated,AMD Radeon R5,,4.24.2 out of 5 stars,579.,,Backlit Keyboard,,,,,,,,,,,,,,,,,,,
HP,15-EH1075CL,15.6 Inches,512 GB,Ryzen 7,16 GB,Windows 11 Pro,Integrated,,,5.05.0 out of 5 stars,589.,Natural Silver,Backlit Keyboard,,,,,,,,,,,,,,,,,,,
Lenovo,Lenovo IdeaPad 3 82KU,15.6 Inches,1 TB,Ryzen 5,36 GB,Windows 11 Pro,Integrated,,,,849.,Arctic Grey,"Fingerprint Reader, Backlit Keyboard, Anti Glare Coating, Memory Card Slot, Numeric Keypad",,,,,,,,,,,,,,,,,,,
HP,ProBook 445 G9,14 Inches,512 GB,Ryzen 7,16 GB,Windows 10 Pro,Radeon Graphics,AMD Radeon Graphics,,,589.,,Anti-glare Screen,,,,,,,,,,,,,,,,,,,
acer,Acer Swift,14 Inches,512 GB,AMD Ryzen 7,16 GB,Windows 10 Home,Dedicated,NVIDIA GeForce RTX 3050 Ti,5 GHz,,980.,,,,,,,,,,,,,,,,,,,,,
HP,,15.6 Inches,128 GB,AMD R Series,4 GB,Windows 10 S,Integrated,AMD Radeon Graphics,2.6 GHz,4.54.5 out of 5 stars,233.,,,,,,SSD,,,,,,,,,,,,,,,
acer,Nitro 5,15.6 Inches,1 TB,Ryzen 5 4600H,8 GB,Windows 10,Dedicated,NVIDIA GeForce GTX 1650,3 GHz,4.64.6 out of 5 stars,"1,349.",,,,,,,,,,,,,,,,,,,,,
Lenovo,Lenovo IdeaPad 5 Pro 82L5,16 Inches,2 TB,Ryzen 5,8 GB,Windows 11 Pro,Integrated,,,,379.,Storm Grey,"HD Audio, Backlit Keyboard, Anti Glare Coating, Numeric Keypad",,,,,,,,,,,,,,,,,,,
Lenovo,Legion Pro 5,16 Inches,1 TB,AMD Ryzen 7,32 GB,Windows 10 Pro,Dedicated,,,,"1,949.",Onyx Grey,"HD Audio, 4-Zone RGB Backlit Keyboard, Anti Glare Coating, Numeric Keypad",,,,,,,,,,,,,,,,,,,
Lenovo,IdeaPad 3 82KU,15.6 Inches,512 GB,Ryzen 5,8 GB,Windows 11 Home,Integrated,,,,379.,Arctic Grey,"Fingerprint Reader, Backlit Keyboard, Anti Glare Coating, Memory Card Slot, Numeric Keypad",,,,,,,,,,,,,,,,,,,
HP,15,15.6 Inches,512 GB,Ryzen 5,16 GB,"Windows 11, Windows 10",Integrated,AMD Radeon Graphics,,4.44.4 out of 5 stars,649.,Silver,,,,,,,,,,,,,,,,,,,,
Lenovo,ThinkPad T14 Gen 2,14 Inches,1 TB,Ryzen 7 Pro 2700U,48 GB,Windows 11 Pro,Integrated,,,4.74.7 out of 5 stars,379.,Black,"Fingerprint Reader, HD Audio, TrackPoint, Backlit Keyboard, Memory Card Slot",,,,,,,,,,,,,,,,,,,
HP,17-CP0010NR,17.3 Inches,1 TB,Athlon Silver 3050U,32 GB,Windows 10 Home,Integrated,AMD Radeon Graphics,,,589.,Silver,,,,,,,,,,,,,,,,,,,,
Lenovo,20XY0022US,15,,8031,8 GB,Windows 10,Integrated,,,5.05.0 out of 5 stars,803.,,,,,,Emmc,1080p,,,,,,1,,,,,,,,
Lenovo,Lenovo 300W Gen 3,11.6,,AMD E Series,4 GB,Windows 10 Pro,Integrated,AMD Radeon Vega 8,2.3 GHz,4.14.1 out of 5 stars,127.,Blue,,,,,,,,,,,,,,,,,,,,
Lenovo,ideapad,15.6 Inches,512 GB,Ryzen 5,12 GB,Windows 11 Home,Integrated,AMD Radeon Graphics,,3.53.5 out of 5 stars,549.,,Anti-glare,,,,,,,,,,,,,,,,,,,
HP,mt46,14 Inches,128 GB,Ryzen 3,8 GB,Windows 10 IoT Enterprise,Radeon Graphics,AMD Radeon Graphics,,5.05.0 out of 5 stars,921.,,"Anti-glare Screen, Miracast Technology",,,,,,,,,,,,,,,,,,,
HP,HP 15-EF1300WM,15.6 Inches,256 GB,Ryzen 3 3250U,16 GB,Windows 11 Pro,Integrated,AMD Radeon Graphics,,4.64.6 out of 5 stars,379.,Silver,,,,,,,,,,,,,,,,,,,,
Lenovo,Lenovo IdeaPad 3 82KT,14 Inches,512 GB,Ryzen 5,12 GB,Windows 11 Pro,Integrated,,,,379.,Abyss Blue,"Fingerprint Reader, HD Audio, Backlit Keyboard, Anti Glare Coating, Memory Card Slot",,,,,,,,,,,,,,,,,,,
Lenovo,,15.6 Inches,256 GB,,8 GB,Windows 11 Home,Integrated,AMD Radeon 610M,2.4 GHz,,999.,,,,,,,1080p,5.45 Pounds,,,,,,,,,,,,,
HP,HP 16 Omen,16.1 Inches,4 TB,AMD Ryzen 7,32 GB,Windows 11 Home,Dedicated,,,,"1,659.",Mica Silver,"High Definition Audio, Backlit Keyboard, Anti Glare Coating, Memory Card Slot",,,,,,,,,,,,,,,,,,,
Lenovo,Lenovoideapad,14 Inches,64 GB,AMD A6,4 GB,Windows 10,Integrated,,,4.04.0 out of 5 stars,209.,Black,Anti-glare,,,,,,,,,,,,,,,,,,,
Lenovo,14ARE05,14 Inches,512 GB,Ryzen 5,16 GB,Windows 11 Pro,Integrated,,,3.73.7 out of 5 stars,621.,Graphite Grey,"Fingerprint,Pen",,,,,,,,,,,,,,,,,,,
HP,,15.6 Inches,,,8 GB,,Dedicated,AMD Radeon Graphics,3.5 GHz,4.74.7 out of 5 stars,384.,,Numeric Keypad,,,,SSD,1080p,1 Pounds,,,,,,,,,,,,,
Lenovo,,17.3 Inches,512 GB,Ryzen 5,16 GB,Windows 11 Home,Integrated,AMD Radeon Graphics,,,549.,Gray,Fingerprint,,,,,,,,,,,,,,,,,,,
Lenovo,81W1009DUS,15.6 Inches,,,,,,,,4.34.3 out of 5 stars,379.,,Anti Glare Screen,,,,,,,,,,,,Laptop,1.0 Count,Glossy,,,,,
Lenovo,ThinkPad E14 Gen 3,14 Inches,1 TB,Ryzen 7,16 GB,Windows 11 Pro,Integrated,,,5.05.0 out of 5 stars,"1,349.",Black,"Anti-glare,Backlit Keyboard,Fingerprint",,,,,,,,,,,,,,,,,,,
HP,,15.6,256 GB,AMD Ryzen 7,8 GB,Windows,Integrated,AMD Radeon™ Graphics,2 GHz,4.14.1 out of 5 stars,298.,Silver,,,,,,,,,,,,,,,,,,,,
HP,HP Pavilion,15.6 Inches,256 GB,Ryzen 5 4600H,8 GB,"Windows 10‍Check gaming pc with Windows 11 Pro,Windows 10 Home",Dedicated,"NVIDIA GeForce GTX 1650,NVidia GTX 1650",,4.64.6 out of 5 stars,699.,Shadow Black,,,,,,,,,,,,,,,,,,,,
Lenovo,14e Chromebook,14 Inches,,AMD A Series,4 GB,Chrome OS,Integrated,AMD Radeon R3,2 GHz,4.34.3 out of 5 stars,233.,Mineral Grey,,,,,,,,,,,,,,,,,,,,
HP,Envy X360,15.6 Inches,512 GB,Ryzen 7,16 GB,Windows 10 Home,Integrated,,,,379.,Nightfall Black,"HD Audio, Backlit Keyboard, Memory Card Slot",,,,,,,,,,,,,,,,,,,
HP,17-by4013dx,15.6 Inches,256 GB,Athlon Silver 3050U,8 GB,Windows 11 Home,Integrated,AMD Radeon Graphics,,4.54.5 out of 5 stars,399.,,,,,,,,,,,,,,,,,,,,,
acer,,,512 GB,,8 GB,Windows 11 Home,Integrated,,,,554.,,Narrow Bezels,,AMD,,,1080p,,"Bluetooth, Wi-Fi, USB, HDMI",,,,,,,,AMD,,,,
HP,HP-15-EH100,15.6 Inches,512 GB,Ryzen 7,32 GB,Windows 11 Pro,Integrated,AMD Radeon Graphics,,4.44.4 out of 5 stars,379.,Blue,,,,,,,,,,,,,,,,,,,,
Lenovo,Lenovo ThinkPad T14 Gen 1 20UD,14 Inches,512 GB,Ryzen 5,16 GB,Windows 10 Pro,Integrated,,,,379.,Black,"Fingerprint Reader, TrackPoint, Backlit Keyboard, Anti Glare Coating, Memory Card Slot",,,,,,,,,,,,,,,,,,,
Lenovo,Lenovo Thinkpad,15.6 Inches,256 GB,AMD Ryzen 7,16 GB,Windows 10 Pro,Integrated,AMD Radeon Graphics,1.8 GHz,3.93.9 out of 5 stars,799.,,,,,,,,,,,,,,,,,,,,,
Acer,Aspire 5,15.6 Inches,256 GB,Ryzen 3,8 GB,Windows 11 Pro,Integrated,,,,379.,Pure Silver,"Fingerprint Reader, HD Audio, Touchpad, Backlit Keyboard, Numeric Keypad",,,,,,,,,,,,,,,,,,,
Lenovo,ThinkBook 15 G4 ABA,15.6 Inches,256 GB,Ryzen 5,8 GB,Windows 11 Pro,Radeon Graphics,AMD Radeon Graphics,,,662.,,Anti-glare Screen,,,,,,,,,,,,,,,,,,,
HP,Envy X360,15.6 Inches,1 TB,Ryzen 7,32 GB,Windows 11,Integrated,,,,379.,Nightfall Black,"Fingerprint Reader, HD Audio, Backlit Keyboard, Memory Card Slot",,,,,,,,,,,,,,,,,,,
Lenovo,Flex 5,14 Inches,256 GB,AMD Ryzen 5 5500U,16 GB,Windows 11 Home,Integrated,AMD Radeon R5,2.1 GHz,4.24.2 out of 5 stars,559.,,,,,,,,,,,,,,,,,,,,,
HP,HP-14-EC100,14 Inches,1 TB,Ryzen 7,32 GB,Windows 11 Pro,Integrated,,,4.74.7 out of 5 stars,407.,Silver,"Backlit Keyboard,Fingerprint",,,,,,,,,,,,,,,,,,,
HP,HP-17-CP000,17.3 Inches,512 GB,Ryzen 5,32 GB,Windows 11 Home,Integrated,,,5.05.0 out of 5 stars,589.,Silver,"HD Audio, Anti Glare Coating",,,,,,,,,,,,,,,,,,,
HP,HP-17-CP000,17.3 Inches,256 GB,Ryzen 5,16 GB,Windows 10 Pro,Integrated,AMD Radeon Graphics,,4.24.2 out of 5 stars,589.,Silver,,,,,,,,,,,,,,,,,,,,
Lenovo,ThinkPad L13 Gen 3,13.3 Inches,256 GB,Ryzen 5,8 GB,Windows 11 Pro,Radeon Graphics,AMD Radeon Graphics,,,899.,,Information Not Available,,,,,,,,,,,,,,,,,,,
HP,17T-CP3000,17.3 Inches,4 TB,Ryzen 7,64 GB,Windows 11 Home,Integrated,,,,379.,Silver,"HD Audio, Backlit Keyboard, Anti Glare Coating, Numeric Keypad",,,,,,,,,,,,,,,,,,,
Lenovo,ThinkPad E14 Gen 3,14 Inches,256 GB,,8 GB,Windows 11 Pro,Radeon Graphics,AMD Radeon Graphics,,5.05.0 out of 5 stars,"1,349.",Black,Anti-glare Screen,,,,,,,,,,,,,,,,,,,
acer,Acer Chromebook,11.6 Inches,,AMD A Series,,Chrome OS,Integrated,AMD Radeon R5,1.8 GHz,4.44.4 out of 5 stars,176.,Black,Backlit,,,,,,,,,,,,,,,,,,,
HP,EliteBook 845 G8,14 Inches,256 GB,Ryzen 5,16 GB,Windows 10 Pro,Radeon Graphics,,,,747.,Silver,"Anti-glare Screen, Miracast Technology",,,,,,,,,,,,,,,,,,,
HP,15-EF0025WM,15.6 Inches,1 TB,Ryzen 5 3500U,32 GB,Windows 11 Pro,Integrated,AMD Radeon RX Vega 8,,,379.,Rose Gold,,,,,,,,,,,,,,,,,,,,
Lenovo,ThinkPad E15 Gen 4,15.6 Inches,2 TB,Ryzen 7,24 GB,Windows 11 Pro,Integrated,,,,379.,Mineral Metallic,Backlit Keyboard,,,,,,,,,,,,,,,,,,,
HP,HP Omen 16-N000,16.1 Inches,1 TB,AMD Ryzen 7,32 GB,Windows 10 Pro,Dedicated,,,,"1,389.",Mica Silver,"High Definition Audio, Backlit Keyboard, Anti Glare Coating, Memory Card Slot",,,,,,,,,,,,,,,,,,,
HP,14-DK1013DX,14 Inches,128 GB,Athlon II X2 Dual Core 260,8 GB,Windows 10 Pro,Integrated,AMD Radeon Graphics,,,379.,Jet Black,,,,,,,,,,,,,,,,,,,,
HP,Elitebook 845 G9,14 Inches,512 GB,Ryzen 7,16 GB,Windows 11 Pro,Integrated,,,1.01.0 out of 5 stars,379.,Natural Silver,"Fingerprint Reader, Spill resistant, High Definition Audio, Backlit Keyboard, Anti Glare Coating",,,,,,,,,,,,,,,,,,,
Acer,Acer 2023 Newest 14 Inch Chromebook,14 Inches,128 GB,Ryzen 3,8 GB,Chrome OS,Integrated,,,4.84.8 out of 5 stars,374.,Silver,"12+,Backlit Keyboard",,,,,,,,,,,,,,,,,,,
Lenovo,82KT,14 Inches,256 GB,Ryzen 5,12 GB,Windows 10 Home,Integrated,AMD Radeon 7 Integrated Graphics,,4.54.5 out of 5 stars,379.,Blue,,,,,,,,,,,,,,,,,,,,
Lenovo,ThinkPad T14 Gen 3,14 Inches,512 GB,Ryzen 7,16 GB,Windows 11 Pro,Radeon 680M,AMD Radeon 680M,,4.04.0 out of 5 stars,899.,,Information Not Available,,,,,,,,,,,,,,,,,,,
Lenovo,ThinkPad T16 Gen 1,16 Inches,256 GB,Ryzen 5,16 GB,Windows 11 Pro,Radeon Graphics,AMD Radeon Graphics,,4.84.8 out of 5 stars,849.,,Anti-glare Screen,,,,,,,,,,,,,,,,,,,
Lenovo,ThinkPad T14 Gen 2,14 Inches,1 TB,Ryzen 7 Pro 2700U,32 GB,Windows 11 Pro,Integrated,,,4.04.0 out of 5 stars,379.,Black,"Fingerprint Reader, High Definition Audio, TrackPoint, Backlit Keyboard, Memory Card Slot",,,,,,,,,,,,,,,,,,,
Lenovo,Lenovo Legion 165Hz RTX 3070,16 Inches,1 TB,Ryzen 7,32 GB,Windows 11,Dedicated,NVIDIA GeForce RTX 3070 8GB,3.2 GHz,5.05.0 out of 5 stars,"1,579.",,,,,,,,,,,,,,,,,,,,,
Lenovo,Flex 5 14 Laptop,14,,Ryzen 5,16 GB,Windows 10 Home,Integrated,AMD Radeon Graphics 5500,,4.44.4 out of 5 stars,658.,Graphite Grey,Pen,,,,,,,,,,,,,,,,,,,
acer,,,128 GB,,8 GB,Windows 11 Home,Integrated,,,,444.,,Narrow Bezels,,AMD,,,1080p,,"Bluetooth, Wi-Fi, USB, HDMI",,,,,,,,AMD,,,,
Lenovo,ThinkPad E15 Gen 4,15.6 Inches,1 TB,Ryzen 7,40 GB,Windows 11 Pro,Integrated,,,5.05.0 out of 5 stars,379.,Gray,Fingerprint,,,,,,,,,,,,,,,,,,,
Lenovo,14e Chromebook,14 Inches,,A-Series Dual Core A4,4 GB,Chrome OS,Radeon R3 Graphics,AMD Radeon R3,1.6 GHz,4.14.1 out of 5 stars,9.,Gray,,,,,,,,,,,,,,,,,,,,
Lenovo,IdeaPad 5 Lenovo,15.6 Inches,512 GB,Ryzen 7,16 GB,Windows 10 Pro,Integrated,,,,379.,Stone Blue,"Fingerprint Reader, Backlit Keyboard, Anti Glare Coating, Memory Card Slot, Numeric Keypad",,,,,,,,,,,,,,,,,,,
Lenovo,"IdeaPad 3 15""",15.6 Inches,256 GB,Ryzen 3 3250U,4 GB,Windows 10 S,Integrated,,,4.54.5 out of 5 stars,416.,Business Black,"built for entertainment, multitasking & privacy",,,,,,,,,,,,,,,,,,,
HP,HP Pavilion 15-EH3000,15.6 Inches,1 TB,AMD Ryzen 7,32 GB,Windows 11 Pro,Integrated,,,,611.,Natural Silver,"HD Audio, Backlit Keyboard, Anti Glare Coating, Numeric Keypad",,,,,,,,,,,,,,,,,,,
acer,Acer Nitro,15.6 Inches,1 TB,Core i5,16 GB,Windows 10 Home,Dedicated,,,4.04.0 out of 5 stars,899.,Black,Backlit Keyboard,,,,,,,,,,,,,,,,,,,
Lenovo,ThinkBook 15 G3 ACL,15.6 Inches,512 GB,AMD Ryzen 7,16 GB,Windows 10 Pro,Radeon Graphics,,,4.74.7 out of 5 stars,749.,Mineral Gray,Anti-glare Screen,,,,,,,,,,,,,,,,,,,
Lenovo,14ARE05,14 Inches,256 GB,Ryzen 5,16 GB,Windows 11 Pro,Integrated,,,,589.,Graphite Grey,"HD Audio, Fingerprint Reader, Backlit Keyboard, Support Stylus, Memory Card Slot",,,,,,,,,,,,,,,,,,,
HP,,,,,8 GB,Windows 10 Pro,Integrated,,,,"1,349.",,,,AMD,,,1080p,5.45 Pounds,USB,,,,,,,,AMD,Notebook,,,
Lenovo,DAHD-20YG003CUS,15.6 Inches,512 GB,Ryzen 7,16 GB,Windows 10 Pro,Integrated,AMD Radeon Graphics,,4.54.5 out of 5 stars,869.,Black,,,,,,,,,,,,,,,,,,,,
HP,ENVY,15.6 Inches,1 TB,Ryzen 5,16 GB,Windows 11 Pro,Integrated,,,,672.,Black,"Fingerprint Reader, HD Audio, Backlit Keyboard",,,,,,,,,,,,,,,,,,,
acer,Aspire C27-1655UA12,27 Inches,,Intel Core i5-1135G7,12 GB,Windows 11 Home,,,,4.44.4 out of 5 stars,"1,037.","black,white",Ergostand,512 GB,AMD,,,,,,,,,,,,,,,,,
Lenovo,ThinkPad Z13 Gen 1,13.3 Inches,512 GB,Ryzen 7,16 GB,Windows 11,Radeon 680M Graphics,,,,795.,Black,Anti-glare Screen,,,,,,,,,,,,,,,,,,,
HP,15M-EU0013DX,15.6 Inches,512 GB,Ryzen 5,16 GB,Windows 10,Integrated,,,2.72.7 out of 5 stars,407.,Black,"Fingerprint Reader, HD Audio, Backlit Keyboard",,,,,,,,,,,,,,,,,,,
HP,17-CP3000,17.3 Inches,1 TB,AMD Ryzen 7,32 GB,Windows 10 Pro,Integrated,,,,296.,Natural Silver,Backlit Keyboard,,,,,,,,,,,,,,,,,,,
Lenovo,Flex 5,14 Inches,512 GB,AMD Ryzen 7,16 GB,Windows 11 Home,Integrated,,,4.24.2 out of 5 stars,630.,Grey,Fingerprint Reader,,,,,,,,,,,,,,,,,,,
Lenovo,ThinkBook 15 G3,15.6 Inches,1 TB,Ryzen 7,24 GB,Windows 10 Pro,Integrated,,,5.05.0 out of 5 stars,379.,Mineral Gray,"Backlit Kb,Fingerprint",,,,,,,,,,,,,,,,,,,
Lenovo,14ALC7,14 Inches,512 GB,Ryzen 5,16 GB,Windows 11 Pro,Integrated,,,5.05.0 out of 5 stars,649.,Graphite Grey,"Backlit Kb,Fingerprint",,,,,,,,,,,,,,,,,,,
HP,ProBook 455 G9,15.6 Inches,256 GB,Ryzen 5,8 GB,Windows 11 Pro,Radeon Graphics,,,5.05.0 out of 5 stars,97.,Silver,Anti-glare Screen,,,,,,,,,,,,,,,,,,,
HP,15-EE100,15.6 Inches,256 GB,Ryzen 7 4700U,12 GB,Windows 11 Pro,Integrated,,,4.04.0 out of 5 stars,379.,Black,Fingerprint,,,,,,,,,,,,,,,,,,,
Lenovo,82TV001QUS,15.6 Inches,256 GB,1.2GHz Cortex A8 Processor,8 GB,Windows 11 Pro,Integrated,AMD Radeon R5,2.3 GHz,,699.,,,,,,,,,,,,,,,,,,,,,
Lenovo,82B5001XUS,15.6 Inches,1 TB,Ryzen 5 2600H,32 GB,Windows 10,Dedicated,NVIDIA GTX 1650 Ti,,,379.,Phantom Black,,,,,,,,,,,,,,,,,,,,
HP,14-FQ0039MS,14 Inches,256 GB,Ryzen 3 3250U,8 GB,Windows 11 Home,Integrated,AMD Radeon Graphics,,4.04.0 out of 5 stars,589.,Silver,,,,,,,,,,,,,,,,,,,,
HP,HP-14-DK1022WM,14 Inches,256 GB,Ryzen 3 3250U,8 GB,Windows 11 Pro,Dedicated,AMD Radeon Vega 3,,4.24.2 out of 5 stars,489.,Silver,,,,,,,,,,,,,,,,,,,,
HP,HP 17 inch,17.3 Inches,512 GB,Ryzen 5 4500U,16 GB,Windows 10 Pro,Integrated,,,3.33.3 out of 5 stars,379.,Silver,Fingerprint Reader-,,,,,,,,,,,,,,,,,,,
HP,,15.6 Inches,512 GB,AMD R Series,16 GB,Windows 7,Integrated,Integrated AMD Radeon™ Graphics,2 GHz,4.54.5 out of 5 stars,709.,,Backlit Keyboard,,,,,,,,,,,,,,,,,,,
HP,,15.6 Inches,1000 GB,Ryzen 3,16 GB,Windows 11,Integrated,AMD,2.6 GHz,3.13.1 out of 5 stars,549.,,,,,,SSD,,,,,,,,,,,,,,,
HP,HP 15-EF200,15.6 Inches,512 GB,Ryzen 7,8 GB,Windows 11 Home,Integrated,,,,609.,Natural Silver,"HD Audio, Memory Card Slot, Numeric Keypad",,,,,,,,,,,,,,,,,,,
HP,HP-15-EF1023DX,15.6 Inches,256 GB,Ryzen 3 3250U,8 GB,Windows 10 Home,Integrated,AMD Radeon Graphics,,,379.,Silver,,,,,,,,,,,,,,,,,,,,
HP,,,,,8 GB,Windows 10,Integrated,,,,379.,,,,AMD,,,1080p,4.65 Pounds,,,,,,,,,AMD,Notebook,Microphone,,
Lenovo,Lenovo Legion,16 Inches,1 TB,AMD Ryzen 7 5800H,16 GB,Windows 11 Home,Dedicated,‎‎NVIDIA GeForce RTX 3060,3.2 GHz,3.63.6 out of 5 stars,749.,,,,,,,,,,,,,,,,,,,,,
Lenovo,ThinkPad P16s Gen 1,16 Inches,1 TB,Ryzen 7,32 GB,Windows 11 Pro,Radeon 680M,,,,"1,646.",Black,Anti-glare Screen,,,,,,,,,,,,,,,,,,,
Lenovo,Chromebook,14 Inches,32 MB,,4 GB,‎Chrome OS,Integrated,AMD Radeon R5,,4.14.1 out of 5 stars,211.,Gray,Backlit Keyboard,,,,,,,,,,,,,,,,,,,
Lenovo,IdeaPad 5 Pro,15.6 Inches,1 TB,Ryzen 5,8 GB,Windows 11 Pro,Integrated,,,,589.,Blue,Backlit Kb,,,,,,,,,,,,,,,,,,,
Lenovo,ThinkPad T14 Gen3,14 Inches,1 TB,Ryzen 7,16 GB,Windows 11 Pro,Integrated,,,,379.,Thunder Black,"Backlit Kb,Fingerprint",,,,,,,,,,,,,,,,,,,
Lenovo,81W1018XUS,15.6 Inches,256 GB,Ryzen 3 3250U,8 GB,Windows 10 Pro,Integrated,AMD Radeon Graphics,,3.73.7 out of 5 stars,379.,Platinum Grey,,,,,,,,,,,,,,,,,,,,
HP,EliteBook 655 G9,15.6 Inches,512 GB,Ryzen 5,16 GB,Windows 10 Pro,Radeon Graphics,AMD Radeon Graphics,,5.05.0 out of 5 stars,"1,114.",,Anti-glare Screen,,,,,,,,,,,,,,,,,,,
Lenovo,IdeaPad Flex 5 14ALC05,14 Inches,512 GB,AMD Ryzen 7,16 GB,Windows 10 Home,Radeon Graphics,AMD Radeon Graphics,,4.04.0 out of 5 stars,600.,Graphite Gray,,,,,,,,,,,,,,,,,,,,
HP,CP0025CL,17.3 Inches,1 TB,Ryzen 5,32 GB,Windows 11 Pro,Integrated,AMD Radeon Graphics,,,379.,Silver,,,,,,,,,,,,,,,,,,,,
Lenovo,,14 Inches,256 GB,Ryzen 5,8 GB,Windows 11,Integrated,AMD Radeon Graphics,2.3 GHz,,649.,,,,,,SSD,,,,,,,,,,,,,,,
acer,TravelMate P2 P214-41-G2,14 Inches,256 GB,AMD Ryzen 7,8 GB,Windows 10 Pro,Radeon Graphics,,,,649.,Shale Black,Multi-touch Gesture,,,,,,,,,,,,,,,,,,,
Lenovo,"Lenovo - Chromebook 3 11"" Chromebook - AMD A6 - 4GB Memory - 32GB eMMC Flas",11.6 Inches,32 GB,AMD A6,4 GB,Chromebook 3,"Integrated, Dedicated",AMD Radeon R4,,4.34.3 out of 5 stars,143.,Black,,,,,,,,,,,,,,,,,,,,
acer,CB311-10H-42LY,11.6 Inches,,AMD A4,4 GB,Chrome OS,Integrated,Shared,,4.34.3 out of 5 stars,16.,Black,Anti Glare Coating,,,,,,,,,,,,,,,,,,,
HP,HP Pavilion,15.6 Inches,256 GB,Core i5,8 GB,Windows 11,Integrated,,4.2 GHz,5.05.0 out of 5 stars,"1,066.",,,,,,SSD,,,,,,,,,,,,,,,
HP,HP 255 G5,15.6 Inches,128 GB,AMD A Series,8 GB,Windows 10 Home 64,Dedicated,,,3.23.2 out of 5 stars,399.,Gray,HD Audio,,,,,,,,,,,,,,,,,,,
HP,"HP 14"" Chromebook",14 Inches,32 GB,AMD A Series,4 GB,Chrome OS,"Integrated, Dedicated",,,4.44.4 out of 5 stars,256.,Black,Anti-glare,,,,,,,,,,,,,,,,,,,
Lenovo,Lenovo Ideapad,15.6 Inches,1 TB,,8 GB,Windows 11 Home,Dedicated,NVIDIA GeForce RTX 3050,,,769.,,,,,,,1080p,,"Wi-Fi, USB, Ethernet",,,,,,,,,,,,
HP,ProBook,14 Inches,1 TB,Ryzen 5,32 GB,Windows 11 Pro,Integrated,,,,309.,Silver,Backlit Keyboard,,,,,,,,,,,,,,,,,,,
HP,HP-14-DK0736MS,14 Inches,512 GB,Ryzen 3 2200U,16 GB,Windows 10 Pro,Integrated,AMD Radeon Vega 3,,5.05.0 out of 5 stars,379.,Silver,,,,,,,,,,,,,,,,,,,,
Lenovo,ThinkPad E15 Gen 3,15.6 Inches,1 TB,AMD Ryzen 7,16 GB,Windows 10 Pro,Integrated,,,,379.,Black,"Fingerprint Reader, High Definition Audio, Backlit Keyboard, Anti Glare Coating, Numeric Keypad",,,,,,,,,,,,,,,,,,,
HP,Pavilion 15-EH3000,15.6 Inches,512 GB,AMD Ryzen 7,24 GB,Windows 10 Pro,Integrated,,,,379.,Natural Silver,Backlit Keyboard,,,,,,,,,,,,,,,,,,,
HP,15M-EU0043DX,15.6 Inches,2 TB,Ryzen 7,64 GB,Windows 11 Pro,Integrated,,,5.05.0 out of 5 stars,999.,Black,"Fingerprint Reader, High Definition Audio, Backlit Keyboard",,,,,,,,,,,,,,,,,,,
HP,,15.6 Inches,256 GB,AMD R Series,8 GB,Windows 10 Home,Integrated,AMD Radeon™ Graphics,2 GHz,3.33.3 out of 5 stars,299.,,,,,,SSD,,,,,,,,,,,,,,,
Lenovo,ThinkPad E14 Gen 4,14 Inches,256 GB,Ryzen 5,8 GB,Windows 11,Radeon Graphics,AMD Radeon Graphics,,,379.,,Anti-glare Screen,,,,,,,,,,,,,,,,,,,
HP,HP-15-EF1300WM,15.6 Inches,128 GB,Ryzen 3 3250U,8 GB,Windows 11 Home,Integrated,AMD Radeon Graphics,,,589.,Silver,,,,,,,,,,,,,,,,,,,,
Lenovo,,14 Inches,256 GB,Ryzen 5,8 GB,Windows 11 Pro,Integrated,,2.3 GHz,,799.,,,,,,SSD,1080p,,,,,,,,,,,,,,
HP,,16 Inches,512 GB,,16 GB,Windows 11 Pro,Integrated,AMD Radeon 660M,,,589.,,,,,,,,5.95 Pounds,"Bluetooth, Wi-Fi, USB, HDMI",6,,,,,,,,,,,
Lenovo,82R9000KUS,14 Inches,,Ryzen 7,16 GB,Windows 11 Home,Integrated,,4.3 GHz,5.05.0 out of 5 stars,630.,,,,,,SSD,1080p,,,,,,,,,,,,,,
Lenovo,ThinkPad T14s Gen 2,14 Inches,256 GB,,8 GB,Windows 10 Pro,Radeon Graphics,AMD Radeon Graphics,,,566.,Storm Gray,Anti-glare Screen,,,,,,,,,,,,,,,,,,,
acer,,14 Inches,512 GB,,16 GB,Windows 10 Home,Dedicated,NVIDIA GeForce RTX 3050 Ti,,,930.,,,,,,,1080p,,Wi-Fi,,,,,,,,NVIDIA,,,,
Lenovo,ThinkPad P14s Gen 3,14 Inches,512 GB,Ryzen 7,32 GB,Windows 11,Radeon 680M Graphics,,,5.05.0 out of 5 stars,"1,929.",Black,Anti-glare Screen,,,,,,,,,,,,,,,,,,,
Lenovo,81X20005US,14 Inches,1 TB,Ryzen 5 4500U,16 GB,Windows 11 Home,Integrated,,,5.05.0 out of 5 stars,589.,Graphite Grey,"Backlit Kb,Pen",,,,,,,,,,,,,,,,,,,
Lenovo,,14 Inches,64 GB,AMD E Series,4 GB,Windows 10 Pro,Integrated,AMD Radeon Graphics,1.2 GHz,3.93.9 out of 5 stars,213.,Black,,,,,,,,,,,,,,,,,,,,
Lenovo,81W1009DUS,15.6 Inches,256 GB,AMD R Series,8 GB,Windows 10,Integrated,Integrated Radeon Vega 8 Graphics,,4.34.3 out of 5 stars,488.,Blue,,,,,,,,,,,,,,,,,,,,
Lenovo,ThinkPad T14 Gen 3,14 Inches,256 GB,Ryzen 5,16 GB,Windows 11 Pro,Radeon 660M,AMD Radeon 660M,,,699.,,Anti-glare Screen,,,,,,,,,,,,,,,,,,,
acer,Aspire,15.6 Inches,256 GB,AMD R Series,8 GB,Windows 10,,AMD Radeon Vega 3,,4.44.4 out of 5 stars,449.,Sliver,Backlit Keyboard,,,,,,,,,,,,,,,,,,,
Lenovo,,15.6 Inches,256 GB,,8 GB,Windows 11 Pro,Integrated,AMD Radeon Graphics,,,699.,,,,,,,1080p,6 Pounds,,,,,4,,,,,,,,
acer,Acer Chromebook,14 Inches,64 GB,,8 GB,Chrome OS,Integrated,,,4.14.1 out of 5 stars,592.,Grey,Anti Glare Coating,,,,Emmc,,,,,,,,,,,,,,,
HP,Elitebook 845 G9,14 Inches,2 TB,Ryzen 7,32 GB,Windows 11 Pro,Integrated,,,4.54.5 out of 5 stars,589.,Natural Silver,"Fingerprint Reader, Spill resistant, High Definition Audio, Backlit Keyboard, Anti Glare Coating",,,,,,,,,,,,,,,,,,,
Lenovo,ThinkPad E15 Gen 4,15.6 Inches,512 GB,Ryzen 7,16 GB,Windows 11,Radeon Graphics,,,5.05.0 out of 5 stars,29.,Gray,Anti-glare Screen,,,,,,,,,,,,,,,,,,,
HP,15-EF2127WM,15.6 Inches,1 TB,Ryzen 5,16 GB,Windows 11 Home,Integrated,,,,379.,Silver,Anti-glare,,,,,,,,,,,,,,,,,,,
HP,HP,14 Inches,128 GB,AMD A Series,4 GB,Windows 10,Integrated,AMD,,4.24.2 out of 5 stars,286.,Black,,,,,,,,,,,,,,,,,,,,
acer,Aspire 5,15.6 Inches,128 GB,Ryzen 3,8 GB,Windows 11 Home,Integrated,AMD Radeon Vega 6,,,379.,Pure Silver,,,,,,,,,,,,,,,,,,,,
HP,15-EF2127WM,15.6 Inches,512 GB,Ryzen 5,16 GB,Windows 10 Pro,Integrated,AMD Radeon Graphics,,,407.,Natural Silver,,,,,,,,,,,,,,,,,,,,
Lenovo,14e Chromebook Gen 2,14 Inches,32 GB,Core i5,4 GB,Chrome OS,Radeon Graphics,,,,374.,Gray,Information Not Available,,,,,,,,,,,,,,,,,,,
Lenovo,Lenovo 14W,14 Inches,64 GB,AMD A Series,4 GB,Windows 10 Pro,Integrated,,,3.63.6 out of 5 stars,167.,Black,"The Lenovo 14"" 14w Laptop is an education-focused system designed for students and teachers",,,,,,,,,,,,,,,,,,,
Lenovo,ThinkPad A485,14 Inches,500 GB,Ryzen 3 2300U,4 GB,Windows 10 Pro,Integrated,AMD Radeon Vega 6,,2.72.7 out of 5 stars,379.,Black,,,,,,,,,,,,,,,,,,,,
Lenovo,Legion 5 Pro,16 Inches,1 TB,Ryzen 9,16 GB,Windows 11 Home,Dedicated,NVIDIA GeForce RTX 3070,,3.83.8 out of 5 stars,"1,149.",16GB RAM | 1TB PCIe SSD,,,,,,,,,,,,,,,,,,,,
Lenovo,Flex 5,14 Inches,512 GB,AMD Ryzen 7,16 GB,Windows 11 Pro,Integrated,,,5.05.0 out of 5 stars,379.,Gray,"Backlit Keyboard,Fingerprint",,,,,,,,,,,,,,,,,,,
Lenovo,ThinkPad T14 Gen 3,14 Inches,256 GB,Ryzen 5,16 GB,Windows 11 Pro,Radeon 660M,AMD Radeon 660M,,,849.,,Anti-glare Screen,,,,,,,,,,,,,,,,,,,
Lenovo,Legion Pro 5 82WM,16 Inches,3 TB,AMD Ryzen 7,48 GB,Windows 10 Pro,Dedicated,,,,649.,Onyx Grey,"HD Audio, Backlit Keyboard, Anti Glare Coating, Numeric Keypad",,,,,,,,,,,,,,,,,,,
Lenovo,Lenovo Legion,15.6 Inches,1 TB,AMD Ryzen 7,32 GB,Windows 11,Dedicated,NVIDIA GeForce,,4.84.8 out of 5 stars,992.,Phantom Blue,,,,,,,,,,,,,,,,,,,,
Lenovo,Legion Pro 5 82WM,16 Inches,4 TB,AMD Ryzen 7,64 GB,Windows 10 Pro,Dedicated,,,,699.,Onyx Grey,Rgb Backlit Keyboard,,,,,,,,,,,,,,,,,,,
Lenovo,"Ideapad Gaming 3 15""",15.6,256 GB,Ryzen 5 4600H,8 GB,Windows 10,Dedicated,NVIDIA GeForce GTX 1650,,4.74.7 out of 5 stars,599.,Black,,,,,,,,,,,,,,,,,,,,
Lenovo,Lenovo Legion 5,17.3 Inches,1 TB,Ryzen 7 5800H,16 GB,Windows 11 Home,Dedicated,,,3.83.8 out of 5 stars,"1,999.",Black,"Anti-glare,Backlit Kb",,,,,,,,,,,,,,,,,,,
Lenovo,Flex 5,14 Inches,512 GB,AMD Ryzen 5 5500U,16 GB,Windows 11 Home,Integrated,AMD Radeon R5,,4.24.2 out of 5 stars,579.,,Backlit Keyboard,,,,,,,,,,,,,,,,,,,
acer,,15.6 Inches,256 GB,Ryzen 7 3700U,8 GB,Windows 11 Home,Integrated,,,4.74.7 out of 5 stars,504.,"black,grey",Anti Glare Coating,,,,,1080p,,,,,,,,,,,,,,
Lenovo,ThinkPad P14s Gen 3,14 Inches,512 GB,Ryzen 7,16 GB,Windows 11,Radeon 680M Graphics,,,,"1,419.",Black,Anti-glare Screen,,,,,,,,,,,,,,,,,,,
HP,ProBook 455 G9,15.6 Inches,256 GB,Ryzen 5,16 GB,Windows 10 Pro,Radeon Graphics,,,,822.,Silver,Anti-glare Screen,,,,,,,,,,,,,,,,,,,
Lenovo,ThinkPad P16s G1,16 Inches,1 TB,Ryzen 7,32 GB,Windows 11 Pro,Radeon 680M,AMD Radeon 680M,,,"1,939.",,Anti-glare Screen,,,,,,,,,,,,,,,,,,,
acer,Acer Chromebook Spin,14,64 GB,Ryzen 3,4 GB,Chrome OS,Integrated,AMD Radeon,,4.24.2 out of 5 stars,359.,8GB RAM | 128GB Storage,,,,,,,,,,,,,,,,,,,,
HP,15M-EY000,15.6 Inches,4 TB,AMD Ryzen 7,64 GB,Windows 10 Pro,Integrated,,,,579.,Black,Backlit Kb,,,,,,,,,,,,,,,,,,,
Lenovo,,14 Inches,512 GB,Ryzen 5,16 GB,Windows 11 Pro,Integrated,AMD Radeon Graphics,2.9 GHz,5.05.0 out of 5 stars,809.,Black,,,,,,,,,,,,,,,,,,,,
Lenovo,Lenovo Legion 5,16 Inches,1 TB,AMD Ryzen 7 5800H,32 GB,Windows 10 Home,Dedicated,NVIDIA GeForce RTX 3060,,3.33.3 out of 5 stars,"1,349.",Black,,,,,,,,,,,,,,,,,,,,
Lenovo,ThinkPad E15 Gen 4,15.6 Inches,256 GB,Ryzen 7,16 GB,Windows 11,Radeon Graphics,AMD Radeon Graphics,,,589.,,Anti-glare Screen,,,,,,,,,,,,,,,,,,,
Lenovo,21C7000XUS,15.6 Inches,512 GB,1.2GHz Cortex A9 Processor,16 GB,Windows 11,Integrated,,2.3 GHz,,999.,,Spill-resistant,,,,,,,,,,,,,,,,,,,
HP,,15.6 Inches,1 TB,,8 GB,Windows 10 Home,Integrated,AMD Radeon Vega 8,,4.44.4 out of 5 stars,896.,Blue,,,,,,1080p,4.19 Pounds,,,,,,,,,,,,,
HP,HP 15,15.6 Inches,256 GB,Ryzen 7,12 GB,Windows 10 Home,Integrated,,,3.83.8 out of 5 stars,579.,Silver,Hd Audio,,,,,,,,,,,,,,,,,,,
Lenovo,82RA,16 Inches,1 TB,Ryzen 7,16 GB,Windows 11 Pro,Integrated,,,,699.,Cloud Grey,"Fingerprint Reader, HD Audio, Backlit Keyboard, Support Stylus, Memory Card Slot",,,,,,,,,,,,,,,,,,,
Lenovo,IdeaPad 5,15.6 Inches,512 GB,Ryzen 7 4700U,16 GB,"Windows 10 Home 64-bit,Windows 10 Home",Integrated,,,4.44.4 out of 5 stars,749.,Graphite Gray,Dolby,,,,,,,,,,,,,,,,,,,
HP,,15.6 Inches,512 GB,AMD R Series,8 GB,Windows 10,Integrated,AMD Radeon Graphics,,4.34.3 out of 5 stars,660.,Silver,Backlit Keyboard,,,,,,,,,,,,,,,,,,,
Lenovo,82FN003TUS,13.3 Inches,256 GB,Ryzen 5,8 GB,Windows 11 Pro,Integrated,,,5.05.0 out of 5 stars,"1,349.",Abyss Blue,Fingerprint Backlit Keyboard,,,,,,,,,,,,,,,,,,,
Lenovo,ThinkPad E15 Gen 4,15.6 Inches,512 GB,Ryzen 5,16 GB,Windows 11,Radeon Graphics,AMD Radeon Graphics,,,869.,,Anti-glare Screen,,,,,,,,,,,,,,,,,,,
HP,NVIDIA GeForce GTX 1050 with 3GB dedicated graphics memory,15.6 Inches,,Ryzen 5 Pro 1600,8 GB,Windows 10,Dedicated,NVIDIA GeForce GTX 1050,2.1 GHz,4.64.6 out of 5 stars,896.,,,,,,SSD,,,,,,,,,,,,,,,
HP,EliteBook 845 G8,14 Inches,512 GB,,16 GB,Windows 10 Pro,Radeon Graphics,AMD Radeon Graphics,2.3 GHz,,589.,,"Anti-glare Screen, Miracast Technology",,,,,,,,,,,,,,,,,,,
Lenovo,Home and Business,15.6 Inches,512 GB,AMD A Series,16 GB,Windows 10,Dedicated,AMD Radeon R5,,,589.,Black,,,,,,,,,,,,,,,,,,,,
HP,EliteBook 645 G9,15.6 Inches,512 GB,Ryzen 5,16 GB,Windows 10 Pro,Radeon Graphics,AMD Radeon Graphics,,,"1,292.",,Anti-glare Screen,,,,,,,,,,,,,,,,,,,
acer,,,1 TB,,16 GB,Windows 10 Home,Dedicated,NVIDIA GeForce RTX 4050,,,"1,499.",,,,AMD,,,1080p,,"Wi-Fi, USB",,,,,,,,NVIDIA,,,,
HP,15M-EU0043DX,15.6 Inches,512 GB,Ryzen 7 4700U,16 GB,Windows 11 Pro,Integrated,AMD Radeon Graphics,,,379.,Black,,,,,,,,,,,,,,,,,,,,
Lenovo,Legion 5 15 Gaming Laptop,15.6,512 GB,Ryzen 7,16 GB,Windows 10 Home,Dedicated,NVIDIA GeForce RTX 3050 Ti,,4.54.5 out of 5 stars,"1,199.",Phantom Blue,,,,,,,,,,,,,,,,,,,,
acer,Chromebook Enterprise Spin 514 CP514-3WH,14 Inches,256 GB,Ryzen 7,16 GB,Chrome OS,Radeon Graphics,AMD Radeon Graphics,,5.05.0 out of 5 stars,967.,,Corning Gorilla Glass,,,,,,,,,,,,,,,,,,,
acer,Aspire 5,15.6 Inches,512 GB,Ryzen 7 3700U,16 GB,Windows 10 Home,Integrated,,,,379.,Pure Silver,"Fingerprint Reader, HD Audio, Backlit Keyboard, Numeric Keypad",,,,,,,,,,,,,,,,,,,
Lenovo,ThinkPad P14s Gen 3,14 Inches,1 TB,Ryzen 5,32 GB,Windows 11,Radeon 660M Graphics,,,,"1,408.",Black,Information Not Available,,,,,,,,,,,,,,,,,,,
HP,,15.6 Inches,1000 GB,Ryzen 5,32 GB,Windows 11,Integrated,AMD,,5.05.0 out of 5 stars,899.,Black,Backlit Keyboard,,,,,,,,,,,,,,,,,,,
HP,Dell Precision,15.6 Inches,256 GB,Ryzen 5,8 GB,Windows 11 Home,Integrated,AMD Radeon R5,,,379.,,Micro-edge Bezel,,,,,,,,,,,,,,,,,,,
Lenovo,ThinkPad E14 Gen 4,14 Inches,256 GB,Ryzen 5,16 GB,Windows 11,Radeon Graphics,AMD Radeon Graphics,,,774.,,Anti-glare Screen,,,,,,,,,,,,,,,,,,,
Lenovo,14ALC7,14 Inches,512 GB,Ryzen 7,16 GB,Windows 11 Pro,Integrated,,,,379.,Storm Grey,"HD Audio, Fingerprint Reader, Backlit Keyboard, Memory Card Slot",,,,,,,,,,,,,,,,,,,
HP,Omen 16-N000,16.1 Inches,1 TB,AMD Ryzen 7,16 GB,Windows 10 Home,Dedicated,,,,"1,239.",Mica Silver,"High Definition Audio, Backlit Keyboard, Anti Glare Coating, Memory Card Slot",,,,,,,,,,,,,,,,,,,
Lenovo,300e Chromebook 2nd Gen,11.6 Inches,,A-Series Dual Core A4,4 GB,Chrome OS,"Radeon R4 Graphics, Dedicated",AMD Radeon R4,1.6 GHz,3.73.7 out of 5 stars,287.,Black,,,,,,,,,,,,,,,,,,,,
Lenovo,Lenovo Ideapad,15.6 Inches,512 GB,Ryzen 7 3700U,12 GB,Windows 8,Integrated,AMD Radeon Vega 10,,4.44.4 out of 5 stars,669.,abyss blue,,,,,,,,,,,,,,,,,,,,
Lenovo,Lenovo Ideapad,15.6 Inches,128 GB,AMD A Series,8 GB,Windows 10,Dedicated,AMD Radeon R7,,3.93.9 out of 5 stars,587.,A12,,,,,,,,,,,,,,,,,,,,
Lenovo Group Limited,TP X140E A4/1.5 11.6 4GB 500GB W7P-W8P64,11.6 Inches,500 GB,AMD A Series,4 GB,Windows 7 Professional,Dedicated,AMD Radeon Hd 8330,,3.63.6 out of 5 stars,59.,Cover: RED ; Inner/keyboard: BLACK,,,,,,,,,,,,,,,,,,,,
Acer,Aspire 3,15.6 Inches,256 GB,Ryzen 5 3500U,8 GB,Windows 10 Pro,Integrated,,,,358.,Pure Silver,"HD Audio, Anti Glare Coating, Numeric Keypad",,,,,,,,,,,,,,,,,,,
acer,,14 Inches,512 GB,,16 GB,Windows,Dedicated,NVIDIA GeForce RTX 3050 Ti,,4.04.0 out of 5 stars,916.,Black,Anti Glare Coating,,,,,1080p,,,,,,,,,,,,,,
Lenovo,Flex 5,14 Inches,256 GB,AMD Ryzen 5 5500U,16 GB,Windows 11 Home,Integrated,AMD Radeon R5,2.1 GHz,4.24.2 out of 5 stars,559.,,,,,,,,,,,,,,,,,,,,,
HP,EliteBook 845 G9,14 Inches,512 GB,Ryzen 5,16 GB,Windows 10 Pro,Radeon 660M Graphics,AMD Radeon 660M Graphics,,3.03.0 out of 5 stars,815.,,"Anti-glare Screen, Miracast Technology",,,,,,,,,,,,,,,,,,,
HP,HP-17-CP000,17.3 Inches,256 GB,Ryzen 5,8 GB,Windows 10 Home,Integrated,AMD Radeon Graphics,,4.04.0 out of 5 stars,379.,Silver,,,,,,,,,,,,,,,,,,,,
Lenovo,Lenovo 130,15.6 Inches,500 GB,AMD A Series,4 GB,Windows 10,Dedicated,AMD Radeon R4,2.6 GHz,3.83.8 out of 5 stars,234.,,,,,,,,,,,,,,,,,,,,,
Lenovo,IdeaPad Flex 5,14 Inches,512 GB,Ryzen 5,16 GB,Windows 11 Home,Integrated,,,,379.,storm grey,"Backlit Keyboard,Fingerprint",,,,,,,,,,,,,,,,,,,
Lenovo,Lenovo,17.3 Inches,1 TB,AMD R Series,16 GB,Windows 10,Integrated,Intel UHD Graphics 620,,4.34.3 out of 5 stars,779.,Gray,,,,,,,,,,,,,,,,,,,,
Lenovo,Lenovo Ideapad,15.6 Inches,512 GB,Ryzen 5 5600H,8 GB,Windows 10 Home,Integrated,,3.3 GHz,4.64.6 out of 5 stars,672.,Black,,,,,,,,,,,,,,,,,,,,
acer,Acer Aspire 3 Touchscreen Laptop,15.6,1 TB,Ryzen 5,8 GB,Windows 11 Home,Integrated,,,,759.,Steam Blue,"Backlit Keyboard,Fingerprint Reader",,,,,,,,,,,,,,,,,,,
HP,HP Envy,,512 GB,AMD Ryzen 7,8 GB,Windows 10 Home,Integrated,,,,296.,Black,,,,,SSD,1080p,,,,,,,,,,,,,,
Lenovo,,15.6 Inches,256 GB,,8 GB,Windows 11 Home,Integrated,AMD Radeon 610M,2.8 GHz,,379.,,,,,,,1080p,5.4 Pounds,,,,,,,,,,,,,
Lenovo,E590 Notebook PC,15.6 Inches,512 GB,AMD R Series,20 GB,Windows 10,Integrated,,,4.24.2 out of 5 stars,585.,Grey,Anti-glare,,,,,,,,,,,,,,,,,,,
HP,HP-14-DK100,14 Inches,128 GB,Ryzen 3 3250U,8 GB,Windows 11 Home,Integrated,AMD Radeon Graphics,,,407.,Silver,,,,,,,,,,,,,,,,,,,,
HP,,,,,16 GB,Windows 10 Pro,Integrated,,,,379.,,,,AMD,,,1080p,5.41 Pounds,USB,,,,,,,,AMD,Notebook,,,
Lenovo,ThinkPad C13 Yoga Gen 1,13.3 Inches,128 GB,Ryzen 3,4 GB,Chrome OS,Radeon Graphics,,,3.83.8 out of 5 stars,334.,Abyss Blue,Antiglare Screen,,,,,,,,,,,,,,,,,,,
Lenovo,,14 Inches,512 GB,,8 GB,Windows 11 Pro,Integrated,,2 GHz,,379.,,,,,,,1080p,5 Pounds,"Bluetooth, Wi-Fi, Ethernet",,,,,,,,,,,,
Lenovo,,13.3 Inches,256 GB,,8 GB,Windows 10 Home,Integrated,,2.9 GHz,,679.,,,,,,,,4.3 Pounds,"Bluetooth, Wi-Fi, USB",,,,1,,,,,,,,
HP,EliteBook 655 G9,15.6 Inches,512 GB,Ryzen 7,16 GB,Windows 10 Pro,Radeon Graphics,AMD Radeon Graphics,,,"1,392.",,Anti-glare Screen,,,,,,,,,,,,,,,,,,,
HP,Laptop,17.3 Inches,256 GB,Ryzen 5 4500U,8 GB,Windows 10,Integrated,AMD Radeon,,4.24.2 out of 5 stars,699.,Natural Silver,,,,,,,,,,,,,,,,,,,,
Lenovo,ThinkPad P15v Gen 3,15.6 Inches,1 TB,Ryzen 7,32 GB,Windows 11,RTX A2000,,,5.05.0 out of 5 stars,999.,Black,Information Not Available,,,,,,,,,,,,,,,,,,,
HP,EliteBook 865 G9,16 Inches,512 GB,Ryzen 7,16 GB,Windows 11 Pro,Radeon 680M Graphics,AMD Radeon 680M Graphics,,,"1,519.",,Anti-glare Screen,,,,,,,,,,,,,,,,,,,
Lenovo,Legion 5 15ARH05,15.6 Inches,512 GB,8032,8 GB,Windows 10 Home,Dedicated,NVIDIA GeForce GTX 1650,,4.74.7 out of 5 stars,799.,Black,,,,,,,,,,,,,,,,,,,,
HP,Pavilion 15-EH3000,15.6 Inches,1 TB,AMD Ryzen 7,16 GB,Windows 11 Home,Integrated,,,,672.,Natural Silver,"HD Audio, Backlit Keyboard, Anti Glare Coating, Numeric Keypad",,,,,,,,,,,,,,,,,,,
Lenovo,,,,,8 GB,Windows 10 Home,"Integrated, Dedicated",AMD Radeon R7,,,379.,,,,AMD,,,1080p,6.05 Pounds,USB,,,,,,,,AMD,,,,
Lenovo,ThinkBook 14 G4 ABA,14 Inches,512 GB,Ryzen 7,16 GB,Windows 11,Radeon Graphics,AMD Radeon Graphics,,,817.,,Anti-glare Screen,,,,,,,,,,,,,,,,,,,
acer,Aspire 5,15.6 Inches,1 TB,Ryzen 5,16 GB,Windows 11 Home,Integrated,,,,379.,Pure Silver,Backlit Keyboard,,,,,,,,,,,,,,,,,,,
acer,Nitro 5,15.6 Inches,1 TB,Ryzen 5 4600H,8 GB,Windows 10,Dedicated,NVIDIA GeForce GTX 1650,3 GHz,4.64.6 out of 5 stars,738.,,,,,,,,,,,,,,,,,,,,,
acer,Swift 3,14 Inches,512 GB,AMD Ryzen 7,8 GB,Windows 10 Pro,Integrated,,,,379.,Pure Silver,"Fingerprint Reader, High Definition Audio, Backlit Keyboard",,,,,,,,,,,,,,,,,,,
HP,,15.6 Inches,1000 GB,A-Series Quad-Core A6,4 GB,Windows 10,Dedicated,AMD Radeon R4,,3.53.5 out of 5 stars,369.,,HD Audio,,,,HDD,,,,,,,,,,,,,,,
Lenovo,ThinkPad X13 Gen 2,13.3 Inches,512 GB,AMD Ryzen 7,16 GB,Windows 10 Pro,Radeon Graphics,,,,"1,493.",Storm Gray,Anti-glare Screen,,,,,,,,,,,,,,,,,,,
Lenovo,ThinkPad P14s Gen 1,14 Inches,512 GB,Ryzen 7,16 GB,Windows 10 Pro,Radeon Graphics,,,,859.,Black,Anti-glare Screen,,,,,,,,,,,,,,,,,,,
Acer,Aspire 5,15.6 Inches,2 TB,Ryzen 5,40 GB,Windows 11 Pro,Integrated,,,,379.,Pure Silver,"HD Audio, TouchPad, Backlit Keyboard, Anti Glare Coating, Numeric Keypad",,,,,,,,,,,,,,,,,,,
acer,,1127 Inches,,Core i5,8 GB,Windows 11 Home,,,,4.44.4 out of 5 stars,917.,black,,512 GB,AMD,,,,,,,Gaming,Monitor,,,,,,,,,
Lenovo,13w Yoga,13.3 Inches,256 GB,Ryzen 5,8 GB,Windows 11 Pro,Radeon Graphics,AMD Radeon Graphics,,,873.,,Information Not Available,,,,,,,,,,,,,,,,,,,
Lenovo,IdeaPad Flex 5,14 Inches,2 TB,Ryzen 7,16 GB,Windows 11 Home,Integrated,,,,379.,Storm Grey,"HD Audio, Fingerprint Reader, Stylus Pen, Backlit Keyboard, Memory Card Slot",,,,,,,,,,,,,,,,,,,
HP,ProBook 455 G9,15.6 Inches,512 GB,Ryzen 7,16 GB,Windows 10 Pro,Radeon Graphics,,,,11.,Silver,Anti-glare Screen,,,,,,,,,,,,,,,,,,,
HP,HP 15-P051US,15.6 Inches,750 GB,A10,8 GB,Windows 8,Dedicated,,,3.33.3 out of 5 stars,379.,Silver,HD Audio,,,,,,,,,,,,,,,,,,,
Lenovo,ThinkPad P14s Gen 3,14 Inches,512 GB,Ryzen 7,32 GB,Windows 11,Radeon 680M Graphics,,,,"2,086.",Black,"Anti-reflection, Anti-smudge",,,,,,,,,,,,,,,,,,,
Lenovo,,,,,8 GB,Windows 11 Pro,Integrated,,,,379.,,,,AMD,,,1080p,4.95 Pounds,USB,,,,,,,,AMD,Notebook,,,
Lenovo,,13.3 Inches,512 GB,,16 GB,Windows 11 Pro,Integrated,AMD Radeon 680M,2.7 GHz,4.04.0 out of 5 stars,868.,,,,,,,,4.9 Pounds,,,,,4,,,,,,,,
Lenovo,Lenovo Ideapad,15 Inches,256 GB,Core i5,12 GB,‎Windows 11 Home in S Mode,Integrated,,2.4 GHz,3.53.5 out of 5 stars,519.,,,,,,SSD,,,,,,,,,,,,,,,
HP,17-CP0025CL,17.3 Inches,1 TB,Ryzen 5 2500U,12 GB,Windows 10,Integrated,AMD Radeon Graphics,,5.05.0 out of 5 stars,379.,Natural Silver,,,,,,,,,,,,,,,,,,,,
HP,17z-cp000,17.3 Inches,1 TB,Athlon 64 X2 Dual Core 3800+,8 GB,Windows 10 Home,Integrated,AMD Radeon Graphics,2.4 GHz,,499.,,,,,,,,,,,,,,,,,,,,,
Lenovo,ThinkPad P15v Gen 3,15.6 Inches,512 GB,Ryzen 5,16 GB,Windows 11,T600,,,,969.,Black,Information Not Available,,,,,,,,,,,,,,,,,,,
HP,EliteBook 845 G8,14 Inches,512 GB,AMD R Series,16 GB,Windows 10 Pro,Radeon Graphics,,,5.05.0 out of 5 stars,849.,Silver,"Anti-glare Screen, Miracast Technology",,,,,,,,,,,,,,,,,,,
Lenovo,,14 Inches,256 GB,,8 GB,Windows 11 Pro,Integrated,,2 GHz,,379.,,,,,,,,4.9 Pounds,"Bluetooth, Wi-Fi, Ethernet",,,,,,,,AMD,,,,
Lenovo,,14 Inches,256 GB,,16 GB,Windows 10 Home,Integrated,AMD Radeon Graphics 5500,,,711.,,Narrow Bezel,,,,SSD,1080p,,,,,,,,,,,,,,
Lenovo,Lenovo Legion,15.6 Inches,512 GB,Ryzen 7 4800H,16 GB,Windows 10 Home,Dedicated,NVIDIA GeForce RTX 2060,,4.74.7 out of 5 stars,252.,Black,,,,,,,,,,,,,,,,,,,,
Lenovo,Lenovo Legion Slim 7 Gaming Laptop,15.6 Inches,1 TB,AMD Ryzen 7 5800H,16 GB,Windows 10,Dedicated,Dedicated NVIDIA GeForce RTX 3060 6GB GDDR6 Max-Q,,5.05.0 out of 5 stars,"1,349.",Black,,,,,,,,,,,,,,,,,,,,
Lenovo,14ARE05,14 Inches,256 GB,Ryzen 5,16 GB,Windows 11 Home,Integrated,,,,379.,Graphite Grey,"Fingerprint,Stylus Pen",,,,,,,,,,,,,,,,,,,
Lenovo,Ideapad,15.6 Inches,128 GB,AMD A Series,8 GB,Windows 10,Integrated,AMD Radeon R5,3.1 GHz,3.73.7 out of 5 stars,379.,,,,,,,,,,,,,,,,,,,,,
Lenovo,Chromebook,11.6 Inches,32 GB,A-Series,4 GB,Chrome OS,Integrated,,,4.24.2 out of 5 stars,392.,Black,Anti-glare,,,,,,,,,,,,,,,,,,,
LENOVO - TOPSELLER VELOCITY,ThinkPad L14 Gen 3,14 Inches,256 GB,Ryzen 7,8 GB,Windows 10 Pro,Radeon Graphics,AMD Radeon Graphics,,,740.,,Anti-glare Screen,,,,,,,,,,,,,,,,,,,
acer,Acer Swift,15.6 Inches,256 GB,Ryzen 7 2700U,8 GB,Windows 10 Home,Dedicated,AMD Radeon RX 540,,4.04.0 out of 5 stars,"1,399.",Black,,,,,,,,,,,,,,,,,,,,
acer,R721T-62ZQ,11.6 Inches,32 GB,AMD A Series,4 GB,Chrome OS,Integrated,,,,109.,Shale Black,Backlit,,,,,,,,,,,,,,,,,,,
Lenovo,ThinkPad E15 Gen 4,15.6 Inches,256 GB,Ryzen 7,16 GB,Windows 11 Pro,Radeon Graphics,AMD Radeon Graphics,,,"1,019.",,Anti-glare Screen,,,,,,,,,,,,,,,,,,,
HP,14z-fq1000,14 Inches,128 GB,AMD R Series,8 GB,Windows 10 Home,Integrated,AMD Radeon Graphics,2.6 GHz,4.34.3 out of 5 stars,379.,,,,,,,,,,,,,,,,,,,,,
HP,,,,,16 GB,Windows 10,Integrated,,,,,,,,AMD,,,1080p,4.65 Pounds,,,,,,,,,AMD,Notebook,,,
Lenovo,ThinkPad T14 Gen3,14 Inches,2 TB,Ryzen 7,16 GB,Windows 10 Pro,Integrated,,,,379.,Thunder Black,"Fingerprint Reader, Spill resistant, TrackPoint, Backlit Keyboard, Anti Glare Coating",,,,,,,,,,,,,,,,,,,
Lenovo,ThinkBook 14 G4 ABA,14 Inches,256 GB,Ryzen 5,8 GB,Windows 11,Radeon Graphics,AMD Radeon Graphics,,,799.,,Anti-glare Screen,,,,,,,,,,,,,,,,,,,
Lenovo,ThinkBook 14 G4 ABA,14 Inches,256 GB,Ryzen 5,8 GB,Windows 11,Radeon Graphics,AMD Radeon Graphics,,,799.,,Anti-glare Screen,,,,,,,,,,,,,,,,,,,
Lenovo,ideapad 3,15.6 Inches,2 TB,Ryzen 7,64 GB,Windows 11 Home,Integrated,,,,"1,899.",64GB RAM | 2TB SSD,Fingerprint Reader,,,,,,,,,,,,,,,,,,,
Lenovo,Lenovo Thinkpad,14 Inches,256 GB,,8 GB,Windows 10 Pro,Integrated,AMD Radeon Graphics 5,2.1 GHz,3.53.5 out of 5 stars,769.,,,,,,SSD,,,,,,,,,,,,,,,
Lenovo,82KU00YYUS,15.6 Inches,512 GB,Ryzen 5,20 GB,Windows 10 Pro,Integrated,AMD Radeon 7 Integrated Graphics,,3.93.9 out of 5 stars,379.,Gray,,,,,,,,,,,,,,,,,,,,
HP,,,,,16 GB,Windows 10 Pro,Integrated,AMD Radeon Vega 8,,,195.,,,,AMD,,,1080p,5.58 Pounds,USB,,,,,,,,AMD,,,,
HP,14-FQ0032MS,14 Inches,128 GB,Ryzen 3 2200U,8 GB,Windows 10,Integrated,AMD Radeon™ Graphics,,,379.,Silver,,,,,,,,,,,,,,,,,,,,
acer,A515-47-R3Y6,15.6,512 GB,Ryzen 5,8 GB,Windows 11 Home,Integrated,,,4.04.0 out of 5 stars,299.,Gray,Backlit Kb,,,,,,,,,,,,,,,,,,,
Lenovo,ThinkPad L15 Gen2,15.6 Inches,256 GB,,8 GB,Windows 11 Pro,Radeon Graphics,AMD Radeon Graphics,,,298.,Black,Anti-glare Screen,,,,,,,,,,,,,,,,,,,
HP,ProBook 445 G9,14 Inches,256 GB,Ryzen 7,16 GB,Windows 10 Pro,Radeon Graphics,AMD Radeon Graphics,,,963.,,Anti-glare Screen,,,,,,,,,,,,,,,,,,,
Lenovo,Lenovo Ideapad,11.6 Inches,,AMD A Series,4 GB,Chrome OS,Dedicated,AMD Radeon R5,1.8 GHz,4.24.2 out of 5 stars,244.,,,,,,"Emmc, SSD",,,,,,,,,,,,,,,
Lenovo,82KU003NUS,15.6 Inches,256 GB,Ryzen 5,8 GB,Windows 10,Integrated,,,,379.,Abyss Blue,Anti-glare,,,,,,,,,,,,,,,,,,,
Lenovo,,14 Inches,512 GB,,8 GB,Windows 11 Pro,Integrated,,2 GHz,,379.,,,,,,,1080p,5.3 Pounds,"Bluetooth, USB, Ethernet, HDMI",,,,,,,,,,,,
Lenovo,ThinkPad X13 Gen 3,13.3 Inches,512 GB,Ryzen 7,16 GB,Windows 11,Radeon 680M Graphics,AMD Radeon 680M Graphics,,,749.,,Anti-glare Screen,,,,,,,,,,,,,,,,,,,
Acer,Aspire 5,15.6 Inches,1 TB,Ryzen 7 3700U,16 GB,Windows 10 Home,Integrated,,,,379.,Pure Silver,"Fingerprint Reader, HD Audio, Backlit Keyboard, Numeric Keypad",,,,,,,,,,,,,,,,,,,
Lenovo,V14 G2 ALC,14 Inches,256 GB,,8 GB,Windows 10 Pro,Radeon Graphics,AMD Radeon Graphics,,,619.,Black,Anti-glare Screen,,,,,,,,,,,,,,,,,,,
HP,EliteBook 865 G9,16 Inches,256 GB,Ryzen 7,16 GB,Windows 11 Pro,Radeon 680M Graphics,AMD Radeon 680M Graphics,,,"1,691.",,Anti-glare Screen,,,,,,,,,,,,,,,,,,,
HP,hp 15,15.6 Inches,1 TB,AMD A8,4 GB,Windows 10 Home,Dedicated,,,4.04.0 out of 5 stars,407.,Silver,Anti-glare,,,,,,,,,,,,,,,,,,,
Lenovo,,14 Inches,256 GB,,8 GB,Windows 11,Integrated,,2.3 GHz,,699.,,Spill-resistant,,,,,1080p,5.05 Pounds,,,,,,,,,,,,,
Lenovo,82HV,15.6 Inches,1 TB,Ryzen 5,16 GB,Windows 11 Home,Integrated,,,,,Graphite Grey,Fingerprint Backlit Keyboard,,,,,,,,,,,,,,,,,,,
Lenovo,Legion 5 Pro,16 Inches,512 GB,AMD Ryzen 7 5800H,16 GB,Windows 11 Home,Dedicated,AMD Radeon RTX 3070,3.2 GHz,,379.,,,,,,,,,,,,,,,,,,,,,
HP,4HZ62UT#ABA,13.3 Inches,256 GB,8032,8 GB,Windows 10 Pro,Integrated,,,4.04.0 out of 5 stars,"1,244.",,,,,,SSD,1080p,,,,,,,,,,,,,,
HP,HP Envy,15.6 Inches,256 GB,AMD R Series,8 GB,Windows 10,Integrated,AMD Radeon Graphics,,4.14.1 out of 5 stars,519.,Black,,,,,,,,,,,,,,,,,,,,
Lenovo,,15.6 Inches,512 GB,,8 GB,Windows 11 Pro,Integrated,AMD Radeon Graphics,,,379.,,,,,,,1080p,6.15 Pounds,"Bluetooth, USB, Ethernet, HDMI",,,,,,,,,,,,
HP,,14 Inches,512 GB,,16 GB,Windows 11 Pro,Integrated,AMD Radeon Graphics,,,379.,,,,,,,1080p,3 Pounds,"Bluetooth, Wi-Fi, USB, Ethernet",,,,,,,,,,,,
Lenovo,ThinkBook 14 G4 ABA,14 Inches,256 GB,Ryzen 5,16 GB,Windows 11,Radeon Graphics,AMD Radeon Graphics,,,773.,,Anti-glare Screen,,,,,,,,,,,,,,,,,,,
Lenovo,,,,,,,,,"2.1, 2.1",,379.,,,,AMD,,,,,,,,,,,,,,,,Windows 10,3 MB
acer,Aspire 3,15.6 Inches,256 GB,Ryzen 5 3500U,8 GB,Windows 10 Home,Integrated,,,,379.,Pure Silver,"HD Audio, Anti Glare Coating, Numeric Keypad",,,,,,,,,,,,,,,,,,,
Lenovo,ThinkPad P16s G1,16 Inches,1 TB,Ryzen 5,32 GB,Windows 11 Pro,Radeon 680M,AMD Radeon 680M,,,"1,749.",,Anti-glare Screen,,,,,,,,,,,,,,,,,,,
Lenovo,Ideapad 5i,15.6 Inches,512 GB,Ryzen 7,16 GB,Windows 10 Pro,Integrated,,,5.05.0 out of 5 stars,379.,Stone Blue,"Backlit Kb,Fingerprint",,,,,,,,,,,,,,,,,,,
Lenovo,Flex 14,14 Inches,256 GB,Ryzen 5 3500U,8 GB,Windows 10,Integrated,,,4.24.2 out of 5 stars,558.,Onyx Black,Pen,,,,,,,,,,,,,,,,,,,
Lenovo,THINKPAD T14,1 Inches,,Ryzen 5 5500U,3 MB,Windows 10,Integrated,AMD Ryzen 5,,,"1,049.",,Backlit Keyboard,,,,SSD,,,,,,,,,,,,,,,
Lenovo,ThinkPad P14s Gen 2,14 Inches,256 GB,AMD R Series,16 GB,Windows 10 Pro,Integrated,AMD Radeon Graphics,,,999.,Black,,,,,,,,,,,,,,,,,,,,
Lenovo,,15.6 Inches,256 GB,,8 GB,Windows 10 Home,Dedicated,AMD Radeon R7,,3.93.9 out of 5 stars,378.,Grey,Stereo Speakers,,,,SSD,,,,,,,,,,,,,,,
Lenovo,IdeaPad 3 Lenovo,15.6 Inches,512 GB,Ryzen 5,16 GB,Windows 10 Home,Integrated,,,,379.,Arctic Grey,"Fingerprint Reader, HD Audio, Backlit Keyboard, Anti Glare Coating",,,,,,,,,,,,,,,,,,,
Lenovo,ThinkPad E14 Gen 3,14 Inches,1 TB,Ryzen 7,16 GB,Windows 11 Pro,Integrated,,,5.05.0 out of 5 stars,379.,Black,"Backlit Keyboard,Fingerprint",,,,,,,,,,,,,,,,,,,
Lenovo,,16 Inches,512 GB,,16 GB,Windows 11,Integrated,,3.2 GHz,5.05.0 out of 5 stars,"1,050.",,,,,,,,6.95 Pounds,"Bluetooth, Wi-Fi, USB",,,,3,,,,,,,,
Lenovo,82SG,15.6 Inches,1 TB,Ryzen 7,12 GB,Windows 11 Pro,Integrated,,,,379.,Stone Blue,"Fingerprint Reader, Backlit Keyboard, Anti Glare Coating, Memory Card Slot, Numeric Keypad",,,,,,,,,,,,,,,,,,,
HP,15-EE100,15.6 Inches,1 TB,AMD Ryzen 7,20 GB,Windows 11 Home,Integrated,,,,579.,Black,Fingerprint,,,,,,,,,,,,,,,,,,,
Lenovo,Flex 5,14 Inches,512 GB,AMD Ryzen 5 5500U,16 GB,Windows 11 Home,Integrated,AMD Radeon R5,,4.24.2 out of 5 stars,579.,,Backlit Keyboard,,,,,,,,,,,,,,,,,,,
HP,Pavilion 15,15.6 Inches,512 GB,Ryzen 5 4500U,12 GB,Windows 10 Pro,Integrated,AMD Radeon Graphics,,,379.,Horizon Blue,,,,,,,,,,,,,,,,,,,,
Lenovo,,14 Inches,256 GB,,16 GB,Windows 10 Pro,Dedicated,AMD Radeon Graphics,1.9 GHz,,379.,,Spill-resistant,,,,,1080p,,,,,,,,,,,,,,
Lenovo,82J9000DUS,11.6,,1.2GHz Cortex A8 Processor,32 GB,Windows 10 Home,Integrated,,,,314.,,,,,,Emmc,,4.2 Pounds,USB,,,,,,,,,,,,
Lenovo,ThinkPad P15v Gen 3,15.6 Inches,512 GB,Ryzen 7,16 GB,Windows 11,T1200,,,,"1,338.",Black,Information Not Available,,,,,,,,,,,,,,,,,,,
Lenovo,82RA,16 Inches,2 TB,Ryzen 7,16 GB,Windows 11 Pro,Integrated,,,,299.,Cloud Grey,"Fingerprint,Stylus Pen",,,,,,,,,,,,,,,,,,,
Lenovo,14ALC7,14 Inches,1 TB,Ryzen 7,16 GB,Windows 11 Pro,Integrated,,,,379.,Storm Grey,Backlit Kb,,,,,,,,,,,,,,,,,,,
Lenovo,82SG,15.6 Inches,1 TB,Ryzen 7,12 GB,Windows 11 Home,Integrated,,,,379.,Stone Blue,"Fingerprint Reader, Backlit Keyboard, Anti Glare Coating, Memory Card Slot, Numeric Keypad",,,,,,,,,,,,,,,,,,,
Lenovo,ThinkPad L15 Gen2,15.6 Inches,256 GB,,8 GB,Windows 10 Pro,Radeon Graphics,AMD Radeon Graphics,,,"1,349.",Black,Anti-glare Screen,,,,,,,,,,,,,,,,,,,
Lenovo,82SG,15.6 Inches,2 TB,Ryzen 7,12 GB,Windows 10 Pro,Integrated,,,,379.,Stone Blue,"Fingerprint Reader, Backlit Keyboard, Anti Glare Coating, Memory Card Slot, Numeric Keypad",,,,,,,,,,,,,,,,,,,
Lenovo,Lenovo ThinkPad T14 Gen 3 AMD,14 Inches,2 TB,AMD Ryzen 7,16 GB,Windows 11 Pro,Integrated,AMD Radeon 680M,,,298.,,"Anti-glare,Backlit Kyb,Fingerprint Reader",,,,,,,,,,,,,,,,,,,
Lenovo,ThinkBook 15 G3 ACL,15.6 Inches,256 GB,,8 GB,Windows 11 Pro,Radeon Graphics,AMD Radeon Graphics,,,379.,Mineral Gray,Anti-glare Screen,,,,,,,,,,,,,,,,,,,
HP,ProBook 445 G9,14 Inches,1 TB,Ryzen 7,32 GB,Windows 10 Pro,Radeon Graphics,AMD Radeon Graphics,,,"1,276.",,Anti-glare Screen,,,,,,,,,,,,,,,,,,,
Lenovo,Lenovo Ideapad,15.6 Inches,1 TB,,8 GB,Windows 10,Dedicated,AMD Radeon R4,3 GHz,4.14.1 out of 5 stars,298.,,"Hd,Stereo Speakers",,,,,,,,,,,,,,,,,,,
acer,Aspire 5,15.6 Inches,256 GB,Ryzen 5,12 GB,Windows 11 Home,Integrated,,,,379.,Silver,"HD Audio, Backlit Keyboard, Anti Glare Coating, Numeric Keypad",,,,,,,,,,,,,,,,,,,
Lenovo,ThinkPad P14s Gen 2,14 Inches,512 GB,,32 GB,Windows 10 Pro,Radeon Graphics,AMD Radeon Graphics,,,379.,Black,Anti-glare Screen,,,,,,,,,,,,,,,,,,,
Lenovo,ThinkPad P15v Gen 3,15.6 Inches,512 GB,Ryzen 7,16 GB,Windows 11,T600,,,,"1,299.",Black,Information Not Available,,,,,,,,,,,,,,,,,,,
Lenovo,ThinkPad T14s Gen 3,14 Inches,256 GB,Ryzen 5,16 GB,Windows 11 Pro,Radeon Graphics,AMD Radeon Graphics,,,"1,311.",,Anti-glare Screen,,,,,,,,,,,,,,,,,,,
acer,CB315-2H-25TX,15.6 Inches,32 GB,AMD A4,4 GB,Chrome OS,"Integrated, Dedicated",AMD Radeon R4,,4.34.3 out of 5 stars,344.,Silver,,,,,,,,,,,,,,,,,,,,
HP,14-db0043wm,14 Inches,32 GB,AMD A Series,4 GB,Chrome OS,Dedicated,AMD Radeon R4,,5.05.0 out of 5 stars,149.,Blue,,,,,,,,,,,,,,,,,,,,
Lenovo,82KU00A9US,15.6 Inches,256 GB,Ryzen 5,8 GB,Windows 11 Pro,Integrated,AMD Radeon 7 Integrated Graphics,,,379.,Gold,,,,,,,,,,,,,,,,,,,,
HP,EliteBook 845 G8,14 Inches,256 GB,,16 GB,Windows 10 Pro,Radeon Graphics,AMD Radeon Graphics,2.3 GHz,5.05.0 out of 5 stars,"1,349.",,"Anti-glare Screen, Miracast Technology",,,,,,,,,,,,,,,,,,,
HP,cp0013dx 17,17.3 Inches,256 GB,AMD R Series,8 GB,Windows 11 Home,Integrated,AMD Radeon Graphics,,4.64.6 out of 5 stars,379.,,Fingerprint,,,,,,,,,,,,,,,,,,,
Lenovo,82SG,15.6 Inches,2 TB,Ryzen 7,12 GB,Windows 11 Pro,Integrated,,,,379.,Stone Blue,"Fingerprint Reader, Backlit Keyboard, Anti Glare Coating, Memory Card Slot, Numeric Keypad",,,,,,,,,,,,,,,,,,,
HP,HP ProBook,13.3 Inches,256 GB,,16 GB,Windows 10 Pro,Integrated,AMD Radeon Pro 560,2.6 GHz,,649.,,,,,,SSD,,,,,,,,,,,,,,,
Lenovo,Flex 5,14 Inches,256 GB,AMD Ryzen 5 5500U,16 GB,Windows 11 Home,Integrated,AMD Radeon R5,2.1 GHz,4.24.2 out of 5 stars,559.,,,,,,,,,,,,,,,,,,,,,
acer,TravelMate P2 P214-41-G2,14 Inches,256 GB,Ryzen 5,8 GB,Windows 10 Pro,Radeon Graphics,,,,649.,Shale Black,Multi-touch Gesture,,,,,,,,,,,,,,,,,,,
LENOVO - TOPSELLER VELOCITY,,14 Inches,,,16 GB,Windows 10 Pro,Integrated,AMD Ryzen 5,,,379.,,,,,,SSD,1080p,5.4 Pounds,,,,,,,,,AMD,,,,
Lenovo,82KT00GVUS,14 Inches,256 GB,Ryzen 5,8 GB,Windows 11 Home,Integrated,AMD Radeon 7 Integrated Graphics,,,379.,Blue,,,,,,,,,,,,,,,,,,,,
HP,HP ProBook,13.3 Inches,256 GB,,8 GB,Windows 10 Pro,Integrated,AMD Radeon Pro 560,2.6 GHz,,929.,,,,,,SSD,,,,,,,,,,,,,,,
Lenovo Group Ltd.,,11.6 Inches,32 GB,,4 GB,Chrome OS,Integrated,AMD Radeon R5,,,649.,,,,,,,,,"USB, Ethernet",,,,3,,,,AMD,,,,
HP,ProBook 445 G9,14 Inches,256 GB,Ryzen 5,16 GB,Windows 10 Pro,Radeon Graphics,,,5.05.0 out of 5 stars,899.,Silver,Anti-glare Screen,,,,,,,,,,,,,,,,,,,
Lenovo,0302A22,15.6 Inches,250 GB,,1 GB,Windows 7,Dedicated,AMD Radeon R5,2.5 GHz,2.82.8 out of 5 stars,379.,,,,,,,720p,,,,,,,,,,,,,,
Lenovo,ThinkPad P14s Gen 2,14 Inches,512 GB,AMD Ryzen 7,32 GB,Windows 10 Pro,Radeon Graphics,,,,379.,Black,Anti-glare Screen,,,,,,,,,,,,,,,,,,,
Lenovo,81W0003QUS,14 Inches,512 GB,Ryzen 5 2500U,8 GB,Windows 10 Pro,Dedicated,AMD Radeon RX Vega 8,,,379.,Abyss Blue,,,,,,,,,,,,,,,,,,,,
Lenovo,ThinkPad P14s Gen 1,14 Inches,512 GB,Ryzen 7,16 GB,Windows 10 Pro,Radeon Graphics,,,,"1,577.",Black,Anti-glare Screen,,,,,,,,,,,,,,,,,,,
Lenovo,Flex 5,14 Inches,512 GB,AMD R Series,16 GB,Windows 10,Integrated,,,,579.,Graphite Grey,"Backlit Keyboard,Fingerprint Reader,Pen,Stereo Speakers",,,,,,,,,,,,,,,,,,,
HP,15-EH1075CL,15.6 Inches,1 TB,Ryzen 7 4700U,32 GB,Windows 11 Pro,Integrated,,,,379.,Silver,Backlit Kb,,,,,,,,,,,,,,,,,,,
Lenovo,14ARE05,14 Inches,1 TB,Ryzen 5,16 GB,Windows 11 Pro,Integrated,,,,379.,Graphite Grey,"Fingerprint,Pen",,,,,,,,,,,,,,,,,,,
acer,,14 Inches,512 GB,Ryzen 7 5800U,16 GB,Chrome OS,Dedicated,,,5.05.0 out of 5 stars,913.,Silver,,,,,,1080p,,"Wi-Fi, USB",,,,,,,,,,,,
Lenovo,,13.3 Inches,,,16 GB,Windows 10 Pro,Integrated,,,,948.,,,,AMD,,,,4.85 Pounds,USB,1,,,,,,,AMD,,,,
Lenovo,ThinkPad E15 Gen 3,15.6 Inches,1 TB,AMD Ryzen 7,24 GB,Windows 10 Pro,Integrated,,,,379.,Black,"Backlit Keyboard,Fingerprint",,,,,,,,,,,,,,,,,,,
Lenovo,ThinkPad E14 Gen 3,14 Inches,512 GB,Ryzen 7,16 GB,Windows 11 Pro,Integrated,,,,379.,Black,"Backlit Keyboard,Fingerprint",,,,,,,,,,,,,,,,,,,
Lenovo Group Limited,,,256 GB,,8 GB,Windows 10 Home,Integrated,AMD Radeon R5,,,379.,,,,,,,1080p,4.9 Pounds,"Wi-Fi, USB",,,,,,,,AMD,,,,
Lenovo,Lenovo Ideapad,15.6 Inches,1 TB,,8 GB,Windows 10,Dedicated,AMD Radeon R7,,3.73.7 out of 5 stars,899.,grey,,,,,,720p,,,,,,,,,,,,,,
HP,HP EliteBook,14 Inches,512 GB,Ryzen 5,16 GB,Windows 10 Pro,Integrated,,2.1 GHz,3.13.1 out of 5 stars,"1,395.",,,,,,SSD,,,,,,,,,,,,,,,
Lenovo,ThinkPad P14s Gen 2,14 Inches,512 GB,Ryzen 7,16 GB,Windows 11 Pro,Radeon Graphics,,,,379.,Black,Anti-glare Screen,,,,,,,,,,,,,,,,,,,
Lenovo,ThinkBook 13s G3 ACN,13.3 Inches,256 GB,Ryzen 5,8 GB,Windows 11 Pro,Radeon Graphics,AMD Radeon Graphics,,,792.,,Anti-glare Screen,,,,,,,,,,,,,,,,,,,
Lenovo,ThinkBook 13s G3 ACN,13.3 Inches,512 GB,AMD Ryzen 7,16 GB,Windows 10 Pro,Radeon Graphics,AMD Radeon Graphics,,3.23.2 out of 5 stars,379.,Mineral Gray,,,,,,,,,,,,,,,,,,,,
Lenovo,,11.6 Inches,,,4 GB,Windows 11 SE,Integrated,AMD Radeon Graphics,1.2 GHz,,379.,,,,,,,720p,4 Pounds,,,,,3,,,,,,,,
HP,ProBook 635 Aero G8,13.3 Inches,512 GB,AMD Ryzen 7,16 GB,Windows 10 Pro,Radeon Graphics,AMD Radeon Graphics,,,"1,699.",,Anti-glare Screen,,,,,,,,,,,,,,,,,,,
Lenovo,Lenovo Thinkpad,14 Inches,,,16 GB,Windows 10 Pro,Integrated,,,,379.,,,,,,SSD,,5.15 Pounds,"Wi-Fi, USB",8,,,,,,,,,,,
HP,17-CP0025CL,17.3 Inches,256 GB,Ryzen 5 2500U,12 GB,Windows 10,Integrated,AMD Radeon Graphics,,,379.,Natural Silver,,,,,,,,,,,,,,,,,,,,
HP,17-CP0025CL,17.3 Inches,256 GB,Ryzen 5 2500U,12 GB,Windows 10 Pro,Dedicated,AMD Radeon Graphics,,,379.,Natural Silver,,,,,,,,,,,,,,,,,,,,
Lenovo,81W0003QUS,14 Inches,256 GB,Ryzen 5 2500U,8 GB,Windows 10 Pro,Integrated,AMD Radeon RX Vega 8,,4.04.0 out of 5 stars,379.,Abyss Blue,,,,,,,,,,,,,,,,,,,,
Lenovo,Flex 5,15.6 Inches,1 TB,AMD Ryzen 7,16 GB,Windows 11 Home,Integrated,,,,379.,Gray,"Backlit Keyboard,Fingerprint",,,,,,,,,,,,,,,,,,,
Lenovo,Yoga 6 Lenovo,13.3 Inches,512 GB,Ryzen 5,8 GB,Windows 11 Home,Integrated,,,,379.,Abyss Blue,"Backlit Keyboard,Fingerprint",,,,,,,,,,,,,,,,,,,
Lenovo,14ARE05,14 Inches,256 GB,Ryzen 5 2600H,16 GB,Windows 10 Pro,Integrated,,,,799.,Graphite Grey,Pen,,,,,,,,,,,,,,,,,,,
HP,EliteBook 865 G9,16 Inches,512 GB,Ryzen 7,16 GB,Windows 11 Pro,Radeon 680M Graphics,AMD Radeon 680M Graphics,,,"1,841.",,Anti-glare Screen,,,,,,,,,,,,,,,,,,,
HP,15-EH0050WM,15.6 Inches,512 GB,Ryzen 5 4500U,12 GB,Windows 11,Integrated,AMD Radeon Graphics,,,379.,Horizon Blue,,,,,,,,,,,,,,,,,,,,
